hold_id,user_id,book_id,book_availability_id,total_copies,hold_date,exp_date
183565,3833,18436,472641749,1,2023-01-03 14:24:40,2023-01-10 14:24:40
936356,7173,44278,589444432,2,2023-01-07 08:24:52,2023-01-14 08:24:52
582991,4599,63816,671479821,1,2023-01-05 01:50:45,2023-01-12 01:50:45
887698,1454,17535,738628287,1,2023-01-04 02:09:44,2023-01-11 02:09:44
213725,7937,43683,568181677,1,2023-01-03 06:40:42,2023-01-10 06:40:42
368849,8256,92211,661627379,1,2023-01-02 21:55:32,2023-01-09 21:55:32
593155,7511,58415,863499276,1,2023-01-08 19:04:10,2023-01-15 19:04:10
515948,8114,58415,863499276,1,2023-01-14 18:30:25,2023-01-21 18:30:25
341894,2126,25625,397759881,2,2023-01-11 12:10:15,2023-01-18 12:10:15
826912,5961,25625,397759881,2,2023-01-13 03:16:02,2023-01-20 03:16:02
424783,7147,74723,157776522,1,2023-01-05 12:51:01,2023-01-12 12:51:01
891427,6225,57342,882934972,2,2023-01-09 06:46:41,2023-01-16 06:46:41
614368,9897,93785,889699874,1,2023-01-06 09:49:18,2023-01-13 09:49:18
443657,9735,76128,645532871,2,2023-01-04 15:35:42,2023-01-11 15:35:42
268134,6212,76128,645532871,2,2023-01-05 08:40:51,2023-01-12 08:40:51
529385,8187,76126,633725253,2,2023-01-06 01:38:48,2023-01-13 01:38:48
635115,3387,14859,716444722,2,2023-01-12 04:50:15,2023-01-19 04:50:15
165582,9533,83241,615211321,1,2023-01-16 05:04:25,2023-01-23 05:04:25
786511,1659,87286,454979869,1,2023-01-06 18:02:55,2023-01-13 18:02:55
719185,9141,87286,454979869,1,2023-01-18 11:34:35,2023-01-25 11:34:35
748519,8932,58631,768647484,2,2023-01-12 09:46:04,2023-01-19 09:46:04
912735,6158,31148,574574187,1,2023-01-09 13:53:03,2023-01-16 13:53:03
484545,9164,94939,635781455,2,2023-01-13 13:47:10,2023-01-20 13:47:10
355192,3186,78998,239951229,2,2023-01-11 02:51:41,2023-01-18 02:51:41
326687,8788,42148,694191578,1,2023-01-09 17:54:53,2023-01-16 17:54:53
342957,9435,89232,451163873,1,2023-01-09 19:30:09,2023-01-16 19:30:09
744856,4972,27946,256351659,2,2023-01-11 16:14:11,2023-01-18 16:14:11
662883,6415,83951,254748497,1,2023-01-12 19:22:51,2023-01-19 19:22:51
371511,3599,95353,461692367,2,2023-01-13 01:16:24,2023-01-20 01:16:24
617416,7268,58631,693798935,2,2023-01-15 06:45:09,2023-01-22 06:45:09
279153,7249,23673,532123338,1,2023-01-12 04:36:06,2023-01-19 04:36:06
934517,7856,95353,869943923,2,2023-01-15 23:57:48,2023-01-22 23:57:48
652956,6176,87817,321199521,2,2023-01-14 00:42:27,2023-01-21 00:42:27
171889,4616,87817,321199521,2,2023-01-16 02:18:44,2023-01-23 02:18:44
986588,1673,87817,321199521,2,2023-01-14 04:42:11,2023-01-21 04:42:11
417964,6683,31429,654357361,2,2023-01-23 11:07:35,2023-01-30 11:07:35
932173,6752,76128,412287772,2,2023-01-15 23:14:00,2023-01-22 23:14:00
963671,1795,76128,412287772,2,2023-01-15 04:54:15,2023-01-22 04:54:15
317733,4621,61769,732263137,1,2023-01-17 08:39:59,2023-01-24 08:39:59
152454,1384,74329,299345577,2,2023-01-12 23:39:35,2023-01-19 23:39:35
359354,2514,36864,838499547,2,2023-01-17 08:52:53,2023-01-24 08:52:53
397354,4678,24997,433979683,1,2023-01-19 01:19:50,2023-01-26 01:19:50
366464,7796,14637,566294395,2,2023-01-15 16:52:17,2023-01-22 16:52:17
131571,4495,58743,497317365,2,2023-01-20 11:42:05,2023-01-27 11:42:05
854528,4465,28975,587982693,1,2023-01-25 05:01:36,2023-02-01 05:01:36
636619,8872,18739,117684356,2,2023-01-23 08:21:31,2023-01-30 08:21:31
697456,8629,14637,663993389,2,2023-01-16 23:58:32,2023-01-23 23:58:32
924378,5283,83951,719331318,2,2023-01-17 14:19:57,2023-01-24 14:19:57
137837,5787,95353,763192153,2,2023-01-20 08:17:52,2023-01-27 08:17:52
493791,3865,51734,191594135,2,2023-01-23 10:22:53,2023-01-30 10:22:53
273644,5475,89365,496948663,1,2023-01-19 19:51:23,2023-01-26 19:51:23
417641,3692,85459,329496298,1,2023-01-18 18:52:39,2023-01-25 18:52:39
562555,8136,63371,746978932,1,2023-01-19 13:49:03,2023-01-26 13:49:03
426463,5571,82644,758335653,2,2023-01-22 15:06:52,2023-01-29 15:06:52
616779,5296,18436,394887578,2,2023-01-21 08:56:16,2023-01-28 08:56:16
787114,1635,73131,168766732,1,2023-01-22 15:56:50,2023-01-29 15:56:50
275513,8138,35649,267949377,1,2023-01-25 20:24:09,2023-02-01 20:24:09
196471,7972,58743,798574316,2,2023-01-22 02:21:33,2023-01-29 02:21:33
619971,8184,89142,117168615,2,2023-01-25 03:44:32,2023-02-01 03:44:32
257575,3353,89142,117168615,2,2023-01-29 15:25:59,2023-02-05 15:25:59
759757,6162,98224,445654759,1,2023-01-28 11:32:38,2023-02-04 11:32:38
332243,4635,15828,852191187,1,2023-01-29 14:52:07,2023-02-05 14:52:07
887656,4167,94939,227395552,1,2023-01-27 09:54:11,2023-02-03 09:54:11
242657,7547,76815,963845356,1,2023-01-25 01:37:24,2023-02-01 01:37:24
736889,3854,66842,883818464,1,2023-01-25 10:59:39,2023-02-01 10:59:39
673824,7392,63816,566896387,2,2023-01-25 12:56:05,2023-02-01 12:56:05
573613,5326,72647,114183557,2,2023-01-27 12:15:17,2023-02-03 12:15:17
964553,6937,15465,914712799,1,2023-01-26 11:13:11,2023-02-02 11:13:11
311247,4285,22321,372997957,2,2023-01-27 03:00:40,2023-02-03 03:00:40
165324,1494,22321,372997957,2,2023-01-26 19:56:38,2023-02-02 19:56:38
596933,3364,57342,247294823,1,2023-02-02 23:40:15,2023-02-09 23:40:15
244994,1236,63141,641173839,2,2023-02-04 13:54:06,2023-02-11 13:54:06
222891,6278,57231,552644995,1,2023-02-01 23:43:08,2023-02-08 23:43:08
215845,6975,57231,552644995,1,2023-02-04 05:05:10,2023-02-11 05:05:10
846618,6842,66842,978579683,1,2023-01-28 01:39:23,2023-02-04 01:39:23
292919,4687,77652,629649176,1,2023-01-29 11:18:50,2023-02-05 11:18:50
275668,4235,76524,341368939,1,2023-01-28 06:01:22,2023-02-04 06:01:22
848575,7228,53539,784863362,2,2023-01-30 11:30:22,2023-02-06 11:30:22
936762,2181,27946,629312386,1,2023-02-01 10:21:52,2023-02-08 10:21:52
339777,6466,74179,651933329,1,2023-02-06 02:08:34,2023-02-13 02:08:34
259462,4115,83951,357257558,2,2023-01-31 21:13:39,2023-02-07 21:13:39
276569,6427,65395,133641797,2,2023-02-02 03:00:58,2023-02-09 03:00:58
251589,5971,65395,133641797,2,2023-02-01 20:56:51,2023-02-08 20:56:51
818767,3631,57342,172618441,1,2023-02-02 10:41:02,2023-02-09 10:41:02
388419,8355,76815,743366332,1,2023-02-07 11:44:59,2023-02-14 11:44:59
416479,5222,15646,731471214,2,2023-02-11 02:54:43,2023-02-18 02:54:43
915578,4164,47425,484671389,2,2023-02-05 22:13:29,2023-02-12 22:13:29
112979,2177,82644,136159626,2,2023-02-04 07:58:48,2023-02-11 07:58:48
955973,8715,98747,976775779,2,2023-02-03 16:20:27,2023-02-10 16:20:27
118684,3128,98747,976775779,2,2023-02-02 18:28:12,2023-02-09 18:28:12
277524,9898,98232,494955675,1,2023-02-03 09:25:20,2023-02-10 09:25:20
524816,5131,63185,632651898,2,2023-02-10 11:05:06,2023-02-17 11:05:06
685939,5661,48526,734759765,1,2023-02-02 05:51:05,2023-02-09 05:51:05
834815,8321,18183,448822768,2,2023-02-11 10:08:26,2023-02-18 10:08:26
537362,6282,18183,448822768,2,2023-02-07 08:24:53,2023-02-14 08:24:53
149344,3384,18183,448822768,2,2023-02-06 08:47:40,2023-02-13 08:47:40
819121,9474,46435,639238955,2,2023-02-02 12:36:25,2023-02-09 12:36:25
679747,4199,11147,324544398,1,2023-02-02 12:15:01,2023-02-09 12:15:01
411192,7388,52498,329756164,1,2023-02-02 16:04:37,2023-02-09 16:04:37
848979,1869,52498,329756164,1,2023-02-09 17:43:13,2023-02-16 17:43:13
724621,8638,15439,629131251,1,2023-02-03 05:40:02,2023-02-10 05:40:02
224362,1767,52498,624921743,1,2023-02-10 19:29:33,2023-02-17 19:29:33
327379,5952,62926,976839128,1,2023-02-15 12:03:33,2023-02-22 12:03:33
266769,4892,62926,976839128,1,2023-02-08 22:46:22,2023-02-15 22:46:22
743995,2626,62926,976839128,1,2023-02-14 18:36:04,2023-02-21 18:36:04
511783,4953,62926,976839128,1,2023-02-10 03:43:06,2023-02-17 03:43:06
121812,7734,62926,976839128,1,2023-02-05 12:28:11,2023-02-12 12:28:11
117385,3614,62926,976839128,1,2023-02-12 13:59:02,2023-02-19 13:59:02
458812,7375,24474,327174457,2,2023-02-04 03:17:15,2023-02-11 03:17:15
837269,3392,24474,327174457,2,2023-02-04 23:03:16,2023-02-11 23:03:16
711959,2895,51612,569353119,1,2023-02-07 15:54:35,2023-02-14 15:54:35
753127,8983,38732,336735255,1,2023-02-08 23:48:45,2023-02-15 23:48:45
494994,9481,38732,336735255,1,2023-02-05 16:23:02,2023-02-12 16:23:02
657733,4865,63787,262465115,2,2023-02-05 01:26:11,2023-02-12 01:26:11
512881,8758,63787,262465115,2,2023-02-07 05:40:15,2023-02-14 05:40:15
245496,4215,63787,262465115,2,2023-02-13 23:44:52,2023-02-20 23:44:52
662497,8626,63787,262465115,2,2023-02-12 16:56:46,2023-02-19 16:56:46
564251,1295,23832,652411511,1,2023-02-06 12:29:38,2023-02-13 12:29:38
255469,4474,54216,491787387,1,2023-02-16 16:55:07,2023-02-23 16:55:07
333928,2511,54216,491787387,1,2023-02-13 17:06:20,2023-02-20 17:06:20
696424,3455,24597,384172897,1,2023-02-12 08:59:08,2023-02-19 08:59:08
755436,5787,24597,384172897,1,2023-02-07 22:12:28,2023-02-14 22:12:28
579387,7482,24597,384172897,1,2023-02-14 14:10:41,2023-02-21 14:10:41
619224,1586,24597,384172897,1,2023-02-10 20:46:17,2023-02-17 20:46:17
148616,5876,94551,931158613,2,2023-02-13 00:59:47,2023-02-20 00:59:47
879738,7565,82985,248597242,2,2023-02-12 11:52:03,2023-02-19 11:52:03
495219,4397,12864,186483387,1,2023-02-18 21:57:42,2023-02-25 21:57:42
295322,6798,18946,697733154,1,2023-02-11 07:39:52,2023-02-18 07:39:52
754246,5558,19451,328375777,2,2023-02-12 19:22:22,2023-02-19 19:22:22
444234,1353,19451,328375777,2,2023-02-11 16:08:03,2023-02-18 16:08:03
685161,6963,19451,328375777,2,2023-02-11 10:41:29,2023-02-18 10:41:29
558182,5563,19451,328375777,2,2023-02-11 05:16:14,2023-02-18 05:16:14
476766,4774,19451,328375777,2,2023-02-11 05:23:34,2023-02-18 05:23:34
364752,8678,19451,328375777,2,2023-02-11 06:19:11,2023-02-18 06:19:11
534274,1146,15293,913766627,1,2023-02-11 13:21:40,2023-02-18 13:21:40
328553,3815,15293,913766627,1,2023-02-13 02:02:31,2023-02-20 02:02:31
851391,8713,93217,516169244,2,2023-02-09 23:50:35,2023-02-16 23:50:35
199917,3877,39286,128752427,2,2023-02-20 22:33:50,2023-02-27 22:33:50
322643,3772,39286,128752427,2,2023-02-20 01:04:45,2023-02-27 01:04:45
839518,6622,39286,128752427,2,2023-02-21 05:01:37,2023-02-28 05:01:37
972949,6627,39286,128752427,2,2023-02-17 16:16:42,2023-02-24 16:16:42
529164,6384,39286,128752427,2,2023-02-20 18:30:06,2023-02-27 18:30:06
191788,6581,89547,842494185,1,2023-02-13 14:11:30,2023-02-20 14:11:30
728231,1915,39849,564892344,1,2023-02-13 21:25:35,2023-02-20 21:25:35
881182,2884,39849,564892344,1,2023-02-13 19:14:05,2023-02-20 19:14:05
451646,9721,48526,135987925,2,2023-02-15 08:43:33,2023-02-22 08:43:33
667596,8554,18537,219725912,1,2023-02-16 16:57:11,2023-02-23 16:57:11
267199,3124,71579,813248561,1,2023-02-13 03:46:23,2023-02-20 03:46:23
477663,4135,71579,813248561,1,2023-02-19 04:12:22,2023-02-26 04:12:22
425523,7723,71579,813248561,1,2023-02-17 01:05:22,2023-02-24 01:05:22
196181,6873,71579,813248561,1,2023-02-17 00:17:24,2023-02-24 00:17:24
515546,2849,71579,813248561,1,2023-02-14 21:26:50,2023-02-21 21:26:50
342951,1827,98232,961556125,1,2023-02-21 22:50:21,2023-02-28 22:50:21
394979,2492,98232,961556125,1,2023-02-17 22:23:02,2023-02-24 22:23:02
124366,6238,98232,961556125,1,2023-02-14 09:30:54,2023-02-21 09:30:54
335384,1861,98232,961556125,1,2023-02-22 11:01:46,2023-03-01 11:01:46
728929,6121,39286,645185832,2,2023-02-16 15:26:18,2023-02-23 15:26:18
611648,9417,64318,594533248,1,2023-02-18 16:29:20,2023-02-25 16:29:20
275653,2141,54216,252293955,1,2023-02-15 03:20:14,2023-02-22 03:20:14
987851,7274,54216,252293955,1,2023-02-14 06:07:09,2023-02-21 06:07:09
375556,3633,54216,252293955,1,2023-02-14 05:31:35,2023-02-21 05:31:35
478668,3562,57552,137524726,1,2023-02-17 11:49:36,2023-02-24 11:49:36
243284,3741,57552,137524726,1,2023-02-17 12:43:46,2023-02-24 12:43:46
474994,8436,29676,125112129,2,2023-02-15 21:55:49,2023-02-22 21:55:49
937315,1788,29676,125112129,2,2023-02-16 19:57:53,2023-02-23 19:57:53
786562,3887,56443,881681559,2,2023-02-20 16:30:22,2023-02-27 16:30:22
753766,3953,56443,881681559,2,2023-02-15 08:55:01,2023-02-22 08:55:01
569189,4449,64247,744913684,2,2023-02-16 20:39:40,2023-02-23 20:39:40
724261,9277,38732,768927982,1,2023-02-25 09:51:03,2023-03-04 09:51:03
476587,5921,86196,287284592,2,2023-02-17 05:18:02,2023-02-24 05:18:02
756734,7397,86196,796493463,1,2023-02-24 04:49:12,2023-03-03 04:49:12
959356,9347,86196,796493463,1,2023-02-24 08:46:56,2023-03-03 08:46:56
183766,4713,86196,796493463,1,2023-02-18 11:47:47,2023-02-25 11:47:47
541427,4167,54787,439295728,2,2023-02-21 04:20:36,2023-02-28 04:20:36
857363,8328,75859,528627411,2,2023-02-20 16:23:44,2023-02-27 16:23:44
146243,2547,75859,528627411,2,2023-02-18 01:11:31,2023-02-25 01:11:31
841232,1645,69979,426841821,2,2023-02-18 17:14:03,2023-02-25 17:14:03
787392,8642,69979,426841821,2,2023-02-18 13:44:15,2023-02-25 13:44:15
556927,1555,69979,426841821,2,2023-02-20 03:45:54,2023-02-27 03:45:54
363441,9893,69979,426841821,2,2023-02-20 15:01:22,2023-02-27 15:01:22
658131,2112,16691,949427685,1,2023-03-03 11:54:01,2023-03-10 11:54:01
974828,1285,16691,949427685,1,2023-02-20 17:51:29,2023-02-27 17:51:29
191951,7621,16691,949427685,1,2023-02-24 20:51:35,2023-03-03 20:51:35
235386,9189,73639,292999178,2,2023-02-22 04:13:58,2023-03-01 04:13:58
346811,1178,59657,621596557,2,2023-02-21 11:52:38,2023-02-28 11:52:38
886124,3525,11147,632558332,1,2023-02-25 07:07:08,2023-03-04 07:07:08
987221,9268,87666,262195332,2,2023-02-24 01:59:08,2023-03-03 01:59:08
828677,2667,87666,262195332,2,2023-02-23 09:48:27,2023-03-02 09:48:27
976926,8139,98747,499248988,2,2023-02-27 14:54:10,2023-03-06 14:54:10
397163,9844,98747,499248988,2,2023-02-26 17:35:10,2023-03-05 17:35:10
347349,8967,98747,499248988,2,2023-02-24 13:46:08,2023-03-03 13:46:08
695157,4441,98747,499248988,2,2023-02-25 08:23:36,2023-03-04 08:23:36
146635,3178,66151,726911942,2,2023-02-25 10:06:28,2023-03-04 10:06:28
948678,7667,49427,699264388,2,2023-02-22 12:57:44,2023-03-01 12:57:44
181746,9343,32831,484289597,2,2023-02-24 19:57:23,2023-03-03 19:57:23
868259,1666,32831,484289597,2,2023-03-04 23:57:53,2023-03-11 23:57:53
891656,7665,32831,484289597,2,2023-02-25 17:52:56,2023-03-04 17:52:56
549989,9697,32831,484289597,2,2023-02-24 05:17:38,2023-03-03 05:17:38
196985,3668,23816,179493137,2,2023-02-23 19:39:14,2023-03-02 19:39:14
215487,1578,23816,179493137,2,2023-02-23 02:01:50,2023-03-02 02:01:50
484248,7766,36371,132376542,2,2023-02-28 18:49:29,2023-03-07 18:49:29
722983,5159,93217,773272119,2,2023-02-27 05:26:54,2023-03-06 05:26:54
615662,5956,93217,773272119,2,2023-03-01 11:31:38,2023-03-08 11:31:38
691661,8338,93217,773272119,2,2023-02-24 10:27:14,2023-03-03 10:27:14
776364,3394,93217,773272119,2,2023-02-28 23:02:19,2023-03-07 23:02:19
711132,7658,93217,773272119,2,2023-02-24 15:17:49,2023-03-03 15:17:49
221657,1519,93217,773272119,2,2023-02-26 22:54:07,2023-03-05 22:54:07
449628,3646,93217,773272119,2,2023-02-26 01:38:03,2023-03-05 01:38:03
489348,1239,93217,773272119,2,2023-03-01 19:49:29,2023-03-08 19:49:29
325495,4938,97238,232796682,2,2023-02-26 15:48:27,2023-03-05 15:48:27
651265,3842,97238,232796682,2,2023-02-28 05:25:12,2023-03-07 05:25:12
821541,7733,42969,845541591,2,2023-02-27 12:38:57,2023-03-06 12:38:57
794144,9841,42969,845541591,2,2023-02-26 04:55:39,2023-03-05 04:55:39
823419,2745,79464,999657317,2,2023-02-26 13:20:51,2023-03-05 13:20:51
612472,8464,53265,945738122,2,2023-02-25 07:45:48,2023-03-04 07:45:48
948195,6452,53265,945738122,2,2023-02-25 09:06:40,2023-03-04 09:06:40
134956,9472,53265,945738122,2,2023-02-25 19:50:08,2023-03-04 19:50:08
931313,9542,87666,735362471,1,2023-03-04 09:56:57,2023-03-11 09:56:57
576548,6591,87666,735362471,1,2023-03-04 09:22:47,2023-03-11 09:22:47
192958,3695,97656,736422888,2,2023-03-02 14:35:17,2023-03-09 14:35:17
154912,8228,98747,441513893,1,2023-03-05 06:34:07,2023-03-12 06:34:07
462221,1399,76499,944286672,1,2023-02-27 19:15:59,2023-03-06 19:15:59
816394,1831,76499,944286672,1,2023-02-28 13:26:04,2023-03-07 13:26:04
983674,3694,76499,944286672,1,2023-02-27 06:23:19,2023-03-06 06:23:19
277477,7627,76499,944286672,1,2023-03-03 10:40:50,2023-03-10 10:40:50
337884,3753,46435,873794269,2,2023-02-27 03:13:10,2023-03-06 03:13:10
229757,5133,46435,873794269,2,2023-02-27 05:32:57,2023-03-06 05:32:57
467763,4121,15439,845965245,1,2023-02-27 22:03:11,2023-03-06 22:03:11
986136,3188,15439,845965245,1,2023-03-11 00:57:26,2023-03-18 00:57:26
176887,4416,74917,211392438,2,2023-03-04 06:33:41,2023-03-11 06:33:41
459826,8541,74917,211392438,2,2023-03-04 10:29:58,2023-03-11 10:29:58
982965,1366,91598,275972548,2,2023-03-03 01:56:53,2023-03-10 01:56:53
798237,1876,87479,126772937,2,2023-02-26 18:55:36,2023-03-05 18:55:36
992437,3648,87479,126772937,2,2023-02-27 18:23:55,2023-03-06 18:23:55
762285,4274,87479,126772937,2,2023-02-27 22:42:13,2023-03-06 22:42:13
994447,6645,87479,126772937,2,2023-02-28 05:52:05,2023-03-07 05:52:05
532147,1692,73639,648878623,1,2023-03-06 09:59:20,2023-03-13 09:59:20
289765,4633,16691,836938894,2,2023-03-05 22:22:59,2023-03-12 22:22:59
223237,9516,16691,836938894,2,2023-03-03 06:18:09,2023-03-10 06:18:09
849387,8985,16691,836938894,2,2023-03-07 14:09:50,2023-03-14 14:09:50
739121,1368,54926,874173279,1,2023-02-28 01:40:11,2023-03-07 01:40:11
425968,8593,54926,874173279,1,2023-02-28 22:16:25,2023-03-07 22:16:25
643873,4843,62926,329263863,1,2023-03-06 03:37:48,2023-03-13 03:37:48
774149,1699,15293,259474357,2,2023-03-03 11:01:39,2023-03-10 11:01:39
734298,3868,49524,911532159,1,2023-03-02 08:57:47,2023-03-09 08:57:47
673618,5965,39343,117585872,2,2023-03-03 03:40:04,2023-03-10 03:40:04
685163,4934,39343,117585872,2,2023-03-02 07:35:48,2023-03-09 07:35:48
646627,5598,39343,117585872,2,2023-03-04 00:07:23,2023-03-11 00:07:23
173175,6167,64318,997885482,2,2023-03-06 14:13:02,2023-03-13 14:13:02
329665,8668,93721,491779468,2,2023-03-06 13:40:38,2023-03-13 13:40:38
594598,6787,93721,491779468,2,2023-03-07 16:07:25,2023-03-14 16:07:25
116863,7541,39577,741491368,1,2023-03-02 12:41:29,2023-03-09 12:41:29
239713,5327,39577,741491368,1,2023-03-07 19:20:34,2023-03-14 19:20:34
838189,4799,39577,741491368,1,2023-03-15 16:04:47,2023-03-22 16:04:47
278992,9523,39577,741491368,1,2023-03-11 05:31:08,2023-03-18 05:31:08
431315,9185,39577,741491368,1,2023-03-03 15:36:51,2023-03-10 15:36:51
321557,5389,39577,741491368,1,2023-03-03 07:39:21,2023-03-10 07:39:21
522389,3272,38813,575347911,1,2023-03-12 19:43:12,2023-03-19 19:43:12
777243,9484,38813,575347911,1,2023-03-06 11:08:34,2023-03-13 11:08:34
637644,6249,38813,575347911,1,2023-03-13 02:06:35,2023-03-20 02:06:35
331488,2835,65524,489265914,2,2023-03-15 09:10:53,2023-03-22 09:10:53
626126,1444,58394,354452927,2,2023-03-10 07:50:57,2023-03-17 07:50:57
374119,1378,58394,354452927,2,2023-03-04 23:23:40,2023-03-11 23:23:40
928466,6467,61372,291551974,1,2023-03-12 13:02:59,2023-03-19 13:02:59
352148,2177,21582,877298854,2,2023-03-08 01:54:58,2023-03-15 01:54:58
278954,2481,59287,723595173,2,2023-03-07 13:20:38,2023-03-14 13:20:38
512288,4724,18548,922839229,1,2023-03-06 18:58:45,2023-03-13 18:58:45
667351,4794,96786,439364292,2,2023-03-07 05:04:00,2023-03-14 05:04:00
626251,4383,96786,439364292,2,2023-03-08 18:58:01,2023-03-15 18:58:01
542412,3252,77931,817686528,2,2023-03-06 18:16:59,2023-03-13 18:16:59
158268,4278,77931,817686528,2,2023-03-11 17:31:47,2023-03-18 17:31:47
644555,3698,77931,817686528,2,2023-03-05 16:56:33,2023-03-12 16:56:33
859456,4577,95355,298123416,2,2023-03-10 22:21:45,2023-03-17 22:21:45
695137,1239,95355,298123416,2,2023-03-08 18:42:33,2023-03-15 18:42:33
958624,5464,95355,298123416,2,2023-03-08 10:40:43,2023-03-15 10:40:43
548278,8354,95355,298123416,2,2023-03-07 11:41:34,2023-03-14 11:41:34
187923,6877,95355,298123416,2,2023-03-09 10:25:56,2023-03-16 10:25:56
561351,6315,95355,298123416,2,2023-03-15 01:10:01,2023-03-22 01:10:01
898812,1714,22894,256983112,1,2023-03-12 17:19:53,2023-03-19 17:19:53
629264,1986,75261,917958527,1,2023-03-09 06:03:34,2023-03-16 06:03:34
791261,7318,78212,129412851,1,2023-03-08 16:10:56,2023-03-15 16:10:56
281976,3239,71647,438285825,1,2023-03-08 03:18:50,2023-03-15 03:18:50
336556,9267,51961,652632871,1,2023-03-10 10:51:59,2023-03-17 10:51:59
226485,4246,71387,551763236,1,2023-03-10 02:04:40,2023-03-17 02:04:40
122944,4387,71387,551763236,1,2023-03-08 09:44:36,2023-03-15 09:44:36
787251,2817,43947,711416146,2,2023-03-15 00:10:18,2023-03-22 00:10:18
191563,9535,87955,161682135,2,2023-03-11 19:00:52,2023-03-18 19:00:52
538716,6389,65524,184695497,1,2023-03-16 10:19:49,2023-03-23 10:19:49
253729,1647,97864,749276111,2,2023-03-12 07:58:05,2023-03-19 07:58:05
634617,6131,97864,749276111,2,2023-03-12 11:01:22,2023-03-19 11:01:22
828142,3471,97864,749276111,2,2023-03-10 00:02:34,2023-03-17 00:02:34
665462,9461,97864,749276111,2,2023-03-10 07:12:45,2023-03-17 07:12:45
865674,4645,11419,457822743,1,2023-03-15 10:28:57,2023-03-22 10:28:57
124451,5337,11419,457822743,1,2023-03-12 03:19:14,2023-03-19 03:19:14
838852,9372,55345,399441822,1,2023-03-15 19:50:27,2023-03-22 19:50:27
565367,7665,78485,292613846,2,2023-03-12 16:12:07,2023-03-19 16:12:07
534156,3463,78485,292613846,2,2023-03-14 03:17:25,2023-03-21 03:17:25
666631,8917,81331,715994641,1,2023-03-16 09:09:55,2023-03-23 09:09:55
578926,1794,51961,851127652,1,2023-03-17 10:09:31,2023-03-24 10:09:31
448853,9395,51961,851127652,1,2023-03-14 15:53:07,2023-03-21 15:53:07
786654,6851,11419,944759975,2,2023-03-13 15:22:02,2023-03-20 15:22:02
669412,6478,56415,339914763,1,2023-03-12 16:51:29,2023-03-19 16:51:29
853261,5182,56415,339914763,1,2023-03-13 20:15:04,2023-03-20 20:15:04
541513,1792,56415,339914763,1,2023-03-15 01:12:28,2023-03-22 01:12:28
986547,7649,56415,339914763,1,2023-03-13 09:37:29,2023-03-20 09:37:29
375371,4369,12861,956983258,1,2023-03-21 05:43:25,2023-03-28 05:43:25
334856,4128,76291,177889273,1,2023-03-13 17:46:48,2023-03-20 17:46:48
884252,8689,76291,177889273,1,2023-03-12 06:25:32,2023-03-19 06:25:32
562724,3895,76291,177889273,1,2023-03-13 12:52:10,2023-03-20 12:52:10
544286,3181,76291,177889273,1,2023-03-13 10:42:40,2023-03-20 10:42:40
934259,8883,76291,177889273,1,2023-03-12 19:33:59,2023-03-19 19:33:59
919521,8437,25326,717522925,2,2023-03-20 18:31:07,2023-03-27 18:31:07
184313,3657,25311,124967827,1,2023-03-15 00:39:15,2023-03-22 00:39:15
743257,7383,78334,831847627,1,2023-03-13 23:18:27,2023-03-20 23:18:27
567933,3727,35878,476137897,1,2023-03-17 08:01:44,2023-03-24 08:01:44
119741,5376,51961,488473359,1,2023-03-14 19:45:01,2023-03-21 19:45:01
982787,6411,85686,229147946,2,2023-03-14 13:02:25,2023-03-21 13:02:25
452468,7348,59287,529371412,1,2023-03-19 01:33:13,2023-03-26 01:33:13
169159,9128,59287,529371412,1,2023-03-20 02:11:36,2023-03-27 02:11:36
935612,2662,59287,529371412,1,2023-03-19 15:08:18,2023-03-26 15:08:18
788898,1515,53769,812958661,2,2023-03-16 08:40:44,2023-03-23 08:40:44
447537,6742,53769,812958661,2,2023-03-19 11:08:33,2023-03-26 11:08:33
191164,3857,53769,812958661,2,2023-03-19 16:55:40,2023-03-26 16:55:40
486246,7557,53769,812958661,2,2023-03-15 21:01:49,2023-03-22 21:01:49
121259,6216,53769,812958661,2,2023-03-18 23:37:29,2023-03-25 23:37:29
649815,7238,94163,236411197,1,2023-03-16 05:31:18,2023-03-23 05:31:18
365481,3281,29163,924814175,2,2023-03-17 23:54:14,2023-03-24 23:54:14
299614,1713,18197,593821515,2,2023-03-23 22:51:45,2023-03-30 22:51:45
733683,7614,18197,593821515,2,2023-03-20 07:26:24,2023-03-27 07:26:24
627481,8366,51287,537744261,1,2023-03-18 00:33:33,2023-03-25 00:33:33
957779,8296,78859,795252239,2,2023-03-17 14:03:44,2023-03-24 14:03:44
716619,9771,78859,795252239,2,2023-03-20 21:16:48,2023-03-27 21:16:48
863762,3489,85686,715664442,1,2023-03-16 21:28:39,2023-03-23 21:28:39
699397,1165,85686,715664442,1,2023-03-19 14:48:44,2023-03-26 14:48:44
649969,2375,69441,114158273,1,2023-03-20 13:59:35,2023-03-27 13:59:35
644128,7697,69441,114158273,1,2023-03-23 22:03:07,2023-03-30 22:03:07
266325,3494,69441,114158273,1,2023-03-19 21:58:05,2023-03-26 21:58:05
299275,5339,76181,746146371,1,2023-03-19 12:35:59,2023-03-26 12:35:59
911993,5159,76181,746146371,1,2023-03-22 21:31:58,2023-03-29 21:31:58
643592,8564,81764,398393725,1,2023-03-21 18:07:47,2023-03-28 18:07:47
555895,8378,81764,477836894,2,2023-03-24 09:59:11,2023-03-31 09:59:11
619534,2185,81764,477836894,2,2023-03-24 14:30:26,2023-03-31 14:30:26
184494,1375,52575,162979697,1,2023-03-26 19:51:13,2023-04-02 19:51:13
512254,8547,22894,871284474,1,2023-03-22 05:34:17,2023-03-29 05:34:17
872677,6186,22894,871284474,1,2023-03-22 15:27:23,2023-03-29 15:27:23
298689,4367,12455,126264683,1,2023-03-24 21:49:17,2023-03-31 21:49:17
633117,4236,48725,666624739,1,2023-03-23 16:50:11,2023-03-30 16:50:11
183923,5755,22857,852581689,1,2023-03-25 18:46:25,2023-04-01 18:46:25
264238,9552,22857,852581689,1,2023-03-29 18:36:21,2023-04-05 18:36:21
174142,9655,22857,852581689,1,2023-04-03 00:07:58,2023-04-10 00:07:58
896264,9188,92852,766638753,1,2023-03-27 13:16:26,2023-04-03 13:16:26
171261,6964,24914,286538275,2,2023-04-04 07:29:26,2023-04-11 07:29:26
457684,4475,34287,559269794,2,2023-03-27 11:03:24,2023-04-03 11:03:24
826693,9435,95355,458438218,2,2023-03-31 15:21:57,2023-04-07 15:21:57
448517,4665,95355,458438218,2,2023-03-30 16:32:30,2023-04-06 16:32:30
211235,9432,76291,476683488,1,2023-03-29 21:14:54,2023-04-05 21:14:54
754213,9271,76291,476683488,1,2023-03-27 19:00:04,2023-04-03 19:00:04
351166,3681,71667,868563686,2,2023-04-04 05:39:37,2023-04-11 05:39:37
389565,2321,26377,267748155,1,2023-03-29 09:00:47,2023-04-05 09:00:47
498692,1215,19652,665674445,1,2023-04-02 01:45:34,2023-04-09 01:45:34
937837,9532,52939,846243265,1,2023-04-01 15:35:09,2023-04-08 15:35:09
391717,7269,41848,964991934,1,2023-03-30 10:21:57,2023-04-06 10:21:57
578671,7389,19652,428193891,2,2023-04-04 07:24:48,2023-04-11 07:24:48
793543,4831,95714,912965749,2,2023-03-31 02:21:17,2023-04-07 02:21:17
155159,5935,34159,678692933,2,2023-03-30 21:05:41,2023-04-06 21:05:41
542226,3639,44779,528985219,1,2023-03-29 05:07:56,2023-04-05 05:07:56
596482,7429,22857,632526596,1,2023-03-30 00:42:08,2023-04-06 00:42:08
885188,6511,58469,851122274,2,2023-04-01 11:09:52,2023-04-08 11:09:52
228449,9138,71647,782649929,2,2023-04-08 12:24:27,2023-04-15 12:24:27
574472,8515,71647,782649929,2,2023-03-31 04:29:28,2023-04-07 04:29:28
352713,4327,77145,848715446,1,2023-03-30 19:10:07,2023-04-06 19:10:07
428931,7573,18548,866943671,2,2023-04-01 08:22:50,2023-04-08 08:22:50
989467,2219,88233,513441776,1,2023-03-31 15:15:00,2023-04-07 15:15:00
195844,5829,29163,958664185,2,2023-03-31 02:47:46,2023-04-07 02:47:46
577866,9616,33228,314245231,1,2023-04-02 21:38:59,2023-04-09 21:38:59
739833,3688,33228,314245231,1,2023-04-03 00:16:00,2023-04-10 00:16:00
822288,6722,58743,497317365,2,2023-04-03 19:59:18,2023-04-10 19:59:18
528532,5795,58743,497317365,2,2023-04-02 05:45:19,2023-04-09 05:45:19
581956,1944,93891,634744357,1,2023-04-12 20:03:28,2023-04-19 20:03:28
374798,1444,87136,812878596,1,2023-04-09 21:02:49,2023-04-16 21:02:49
124198,9866,87136,812878596,1,2023-04-06 21:16:29,2023-04-13 21:16:29
866157,6846,93536,896969557,2,2023-04-05 06:02:26,2023-04-12 06:02:26
683392,4966,63312,471587753,2,2023-04-14 13:24:37,2023-04-21 13:24:37
723644,2969,15153,422612232,1,2023-04-05 08:55:40,2023-04-12 08:55:40
753632,1149,83951,719331318,2,2023-04-05 20:24:44,2023-04-12 20:24:44
627975,5794,21419,681442276,1,2023-04-09 14:36:47,2023-04-16 14:36:47
391575,3583,23431,679527358,2,2023-04-12 13:41:34,2023-04-19 13:41:34
948339,5743,83951,357257558,2,2023-04-09 15:14:04,2023-04-16 15:14:04
612382,8495,74297,474217332,2,2023-04-12 21:01:07,2023-04-19 21:01:07
661239,6985,74297,474217332,2,2023-04-11 05:40:59,2023-04-18 05:40:59
824863,3824,61682,915135911,2,2023-04-07 01:50:27,2023-04-14 01:50:27
138626,2421,61682,915135911,2,2023-04-06 04:50:02,2023-04-13 04:50:02
743199,5739,32526,463371259,2,2023-04-09 16:05:18,2023-04-16 16:05:18
325617,3421,11727,822418889,1,2023-04-10 06:50:00,2023-04-17 06:50:00
715433,8251,83951,254748497,1,2023-04-07 18:02:07,2023-04-14 18:02:07
326246,7367,83951,254748497,1,2023-04-09 07:59:38,2023-04-16 07:59:38
397991,4443,75726,861328342,1,2023-04-08 20:24:43,2023-04-15 20:24:43
683271,6945,67815,376314525,2,2023-04-16 03:43:30,2023-04-23 03:43:30
572394,7874,51961,652632871,1,2023-04-10 11:56:44,2023-04-17 11:56:44
846664,4864,25432,641297962,2,2023-04-18 11:49:41,2023-04-25 11:49:41
244798,7287,26889,572794887,2,2023-04-09 15:57:00,2023-04-16 15:57:00
413799,8417,26889,572794887,2,2023-04-10 00:39:38,2023-04-17 00:39:38
664151,3431,26889,572794887,2,2023-04-11 11:28:48,2023-04-18 11:28:48
799326,5643,93845,694164767,1,2023-04-10 10:29:37,2023-04-17 10:29:37
861639,3858,37698,497946887,1,2023-04-10 08:30:31,2023-04-17 08:30:31
869143,2729,39373,976486195,1,2023-04-23 11:14:34,2023-04-30 11:14:34
357437,3822,39373,976486195,1,2023-04-21 10:28:56,2023-04-28 10:28:56
951864,1876,65759,782993145,2,2023-04-17 09:13:22,2023-04-24 09:13:22
645162,9539,14654,528573461,1,2023-04-11 22:02:45,2023-04-18 22:02:45
481621,1964,93891,483742334,1,2023-04-12 20:45:16,2023-04-19 20:45:16
228934,7433,94314,531248493,1,2023-04-12 19:40:12,2023-04-19 19:40:12
238451,8966,63858,327471964,1,2023-04-12 15:22:59,2023-04-19 15:22:59
837453,6442,34594,835433795,2,2023-04-16 00:20:47,2023-04-23 00:20:47
566272,8484,33245,437775879,2,2023-04-26 16:55:15,2023-05-03 16:55:15
473494,2592,83291,585837734,1,2023-04-14 22:50:20,2023-04-21 22:50:20
636426,7758,83291,585837734,1,2023-04-14 21:20:38,2023-04-21 21:20:38
838163,3963,89987,369715954,1,2023-04-22 15:53:43,2023-04-29 15:53:43
776942,7626,39598,151645873,1,2023-04-17 04:36:38,2023-04-24 04:36:38
124563,3847,65885,822296612,1,2023-04-23 00:26:19,2023-04-30 00:26:19
748834,4954,93891,359749382,2,2023-04-18 22:57:49,2023-04-25 22:57:49
242776,9494,93891,359749382,2,2023-04-18 15:51:17,2023-04-25 15:51:17
438161,1134,32833,739659735,2,2023-04-16 10:08:18,2023-04-23 10:08:18
811572,4557,32833,739659735,2,2023-04-16 21:35:24,2023-04-23 21:35:24
462744,9411,34249,917962479,2,2023-04-18 21:20:11,2023-04-25 21:20:11
626764,2139,34249,917962479,2,2023-04-28 08:35:50,2023-05-05 08:35:50
996295,5496,34249,917962479,2,2023-04-26 03:42:34,2023-05-03 03:42:34
131171,9197,33245,888753515,1,2023-04-19 20:11:35,2023-04-26 20:11:35
567999,2965,33245,888753515,1,2023-04-24 16:27:51,2023-05-01 16:27:51
831731,4617,74297,981981462,2,2023-04-17 14:24:37,2023-04-24 14:24:37
974973,8868,97845,696261211,2,2023-04-23 08:01:34,2023-04-30 08:01:34
445152,8371,58743,798574316,2,2023-04-20 14:42:39,2023-04-27 14:42:39
115399,9795,58743,798574316,2,2023-04-19 16:17:02,2023-04-26 16:17:02
183535,3872,57591,142795871,1,2023-04-25 16:13:49,2023-05-02 16:13:49
675594,9579,18935,474549874,2,2023-04-20 11:01:44,2023-04-27 11:01:44
766118,4474,56715,836342533,1,2023-04-20 12:23:02,2023-04-27 12:23:02
788844,3625,71779,379216952,2,2023-04-21 19:26:02,2023-04-28 19:26:02
864823,8812,68255,429451823,2,2023-04-23 18:35:44,2023-04-30 18:35:44
347836,2914,53199,836842239,1,2023-04-23 19:17:21,2023-04-30 19:17:21
788141,2663,53199,836842239,1,2023-04-21 09:50:25,2023-04-28 09:50:25
423218,3787,53199,836842239,1,2023-04-23 07:35:45,2023-04-30 07:35:45
561641,5513,53199,836842239,1,2023-04-21 21:46:03,2023-04-28 21:46:03
761246,3435,87327,446854726,2,2023-04-27 10:33:05,2023-05-04 10:33:05
754777,4383,45176,111629968,1,2023-04-23 16:10:35,2023-04-30 16:10:35
182438,1962,71273,949435314,2,2023-05-01 21:01:26,2023-05-08 21:01:26
458695,8226,26889,395349494,2,2023-04-23 15:40:20,2023-04-30 15:40:20
475848,1125,25432,876138755,2,2023-05-01 16:46:49,2023-05-08 16:46:49
342931,7686,92445,198352921,1,2023-04-25 15:17:29,2023-05-02 15:17:29
914989,2843,24997,433979683,1,2023-04-28 16:54:42,2023-05-05 16:54:42
459223,8781,39947,694863492,2,2023-05-02 11:40:23,2023-05-09 11:40:23
552385,1392,16153,184832724,1,2023-04-27 02:06:28,2023-05-04 02:06:28
526568,2247,51961,488473359,1,2023-04-28 00:49:34,2023-05-05 00:49:34
871845,3133,39947,261287723,2,2023-04-29 01:32:27,2023-05-06 01:32:27
589149,6321,68453,234263646,2,2023-04-25 17:49:07,2023-05-02 17:49:07
773252,4281,39373,675988923,2,2023-05-01 07:22:44,2023-05-08 07:22:44
422792,6841,39373,675988923,2,2023-04-25 04:51:24,2023-05-02 04:51:24
442185,5679,33245,894627121,2,2023-04-28 17:01:58,2023-05-05 17:01:58
163565,7119,11976,496467813,2,2023-05-07 18:00:40,2023-05-14 18:00:40
355566,6675,51961,851127652,1,2023-04-27 11:13:29,2023-05-04 11:13:29
119985,5892,96611,726144487,1,2023-05-05 19:52:22,2023-05-12 19:52:22
199184,5585,42744,322613595,2,2023-04-27 08:49:31,2023-05-04 08:49:31
657337,7518,14654,752536449,1,2023-05-05 22:27:12,2023-05-12 22:27:12
166132,2218,14654,752536449,1,2023-05-06 17:47:00,2023-05-13 17:47:00
481796,5445,14654,752536449,1,2023-05-01 04:04:36,2023-05-08 04:04:36
169242,3698,76155,742145946,2,2023-05-03 18:26:57,2023-05-10 18:26:57
343347,5327,17121,338242896,2,2023-05-01 02:58:01,2023-05-08 02:58:01
129666,1532,26713,386338198,2,2023-05-03 01:04:05,2023-05-10 01:04:05
168895,5279,39598,132475567,2,2023-05-01 22:28:06,2023-05-08 22:28:06
624788,7592,25213,681218744,1,2023-04-29 20:54:52,2023-05-06 20:54:52
276281,3445,25213,681218744,1,2023-04-30 06:32:59,2023-05-07 06:32:59
513317,7959,36855,311952421,2,2023-05-04 15:51:27,2023-05-11 15:51:27
165817,1312,96611,349667224,1,2023-04-30 06:15:01,2023-05-07 06:15:01
617787,8527,19541,377156681,1,2023-04-29 14:52:11,2023-05-06 14:52:11
362715,5591,19541,377156681,1,2023-05-01 11:49:35,2023-05-08 11:49:35
276488,5933,87895,634458761,2,2023-05-04 16:35:55,2023-05-11 16:35:55
346181,3372,87895,634458761,2,2023-05-04 18:29:33,2023-05-11 18:29:33
382911,3798,87895,634458761,2,2023-05-01 02:18:26,2023-05-08 02:18:26
631932,9867,19261,163932461,1,2023-05-01 10:14:57,2023-05-08 10:14:57
634563,1763,19261,163932461,1,2023-04-30 03:37:40,2023-05-07 03:37:40
945793,7733,19261,163932461,1,2023-04-29 17:29:16,2023-05-06 17:29:16
827243,7123,43926,997386756,1,2023-05-01 12:42:14,2023-05-08 12:42:14
666979,4879,45176,955185754,1,2023-04-30 22:16:46,2023-05-07 22:16:46
326194,1456,15153,214683198,2,2023-05-01 00:12:18,2023-05-08 00:12:18
133197,1743,88895,335728395,2,2023-05-09 09:28:52,2023-05-16 09:28:52
724832,5793,54135,339586254,1,2023-05-05 02:18:22,2023-05-12 02:18:22
181175,2132,68117,624173211,2,2023-05-04 23:26:53,2023-05-11 23:26:53
269595,5883,12483,333696652,1,2023-05-08 02:01:26,2023-05-15 02:01:26
329255,3758,36264,823644888,1,2023-05-02 19:41:50,2023-05-09 19:41:50
575285,5622,11463,618386777,2,2023-05-09 19:42:38,2023-05-16 19:42:38
545354,4652,48511,744152116,1,2023-05-08 02:45:56,2023-05-15 02:45:56
472717,2278,17666,587155864,1,2023-05-04 11:45:42,2023-05-11 11:45:42
111593,3328,69333,963138669,1,2023-05-06 23:04:51,2023-05-13 23:04:51
185294,8687,47358,927462643,1,2023-05-06 16:46:00,2023-05-13 16:46:00
712676,6534,44737,851293951,2,2023-05-11 05:36:00,2023-05-18 05:36:00
261614,7911,97682,151599859,2,2023-05-06 00:23:55,2023-05-13 00:23:55
584766,1163,97682,151599859,2,2023-05-06 14:52:55,2023-05-13 14:52:55
738766,5771,61271,438944844,2,2023-05-09 21:18:07,2023-05-16 21:18:07
848999,9461,24685,728958417,2,2023-05-07 23:30:30,2023-05-14 23:30:30
912421,1658,48337,321776948,2,2023-05-06 17:41:39,2023-05-13 17:41:39
429492,2983,68932,941483315,2,2023-05-11 13:24:27,2023-05-18 13:24:27
747451,1518,68932,847768689,2,2023-05-14 00:13:12,2023-05-21 00:13:12
131125,7652,27827,117581538,2,2023-05-14 02:35:33,2023-05-21 02:35:33
611576,4325,96858,251859396,2,2023-05-14 03:09:50,2023-05-21 03:09:50
675488,4414,65159,177398768,1,2023-05-14 16:30:46,2023-05-21 16:30:46
429192,3274,63298,411658227,2,2023-05-15 14:27:05,2023-05-22 14:27:05
482156,7731,94375,351355753,1,2023-05-06 23:21:12,2023-05-13 23:21:12
123254,4597,74248,745288168,1,2023-05-07 19:28:06,2023-05-14 19:28:06
276583,2518,74248,745288168,1,2023-05-08 03:53:52,2023-05-15 03:53:52
276798,4183,15731,338839432,2,2023-05-09 08:30:51,2023-05-16 08:30:51
634698,9829,44737,427862212,2,2023-05-09 11:01:33,2023-05-16 11:01:33
515995,6179,28232,786547659,2,2023-05-10 21:35:53,2023-05-17 21:35:53
989778,1853,54216,491787387,1,2023-05-15 06:06:35,2023-05-22 06:06:35
268912,5215,36139,255854411,1,2023-05-10 19:12:47,2023-05-17 19:12:47
997613,6571,36982,444793311,2,2023-05-12 07:27:55,2023-05-19 07:27:55
381372,5658,48511,476574621,1,2023-05-12 15:12:55,2023-05-19 15:12:55
618868,7476,29169,796237956,2,2023-05-09 11:44:05,2023-05-16 11:44:05
488991,5144,53581,913656512,2,2023-05-18 00:42:44,2023-05-25 00:42:44
353528,2219,28232,628452784,1,2023-05-16 22:28:06,2023-05-23 22:28:06
114442,9546,98981,796358313,2,2023-05-15 09:57:30,2023-05-22 09:57:30
817955,4454,22292,888676685,2,2023-05-17 08:47:29,2023-05-24 08:47:29
687996,7746,88859,654692675,1,2023-05-17 13:32:09,2023-05-24 13:32:09
118774,9291,79283,636946594,2,2023-05-16 09:06:29,2023-05-23 09:06:29
839673,1646,89464,799856191,1,2023-05-14 09:37:18,2023-05-21 09:37:18
747521,5822,81657,251612136,2,2023-05-16 22:14:53,2023-05-23 22:14:53
652252,3379,28792,114591633,2,2023-05-16 09:19:15,2023-05-23 09:19:15
693367,2846,56616,164628398,1,2023-05-22 20:49:48,2023-05-29 20:49:48
872761,4892,69638,333271161,1,2023-05-16 09:28:50,2023-05-23 09:28:50
931635,4149,48337,531117113,2,2023-05-22 00:12:14,2023-05-29 00:12:14
441795,4864,54216,252293955,1,2023-05-18 13:59:08,2023-05-25 13:59:08
652797,8245,68932,383478799,1,2023-05-20 00:54:29,2023-05-27 00:54:29
467441,2887,73134,222643874,1,2023-05-19 04:56:19,2023-05-26 04:56:19
448248,9894,23114,571252496,1,2023-05-21 10:09:39,2023-05-28 10:09:39
371219,9354,97682,824751673,2,2023-05-25 12:43:28,2023-06-01 12:43:28
955478,1148,95135,674484232,2,2023-05-25 08:38:58,2023-06-01 08:38:58
713389,6729,54135,759266838,2,2023-05-23 17:58:18,2023-05-30 17:58:18
786841,9674,54135,759266838,2,2023-05-25 12:36:50,2023-06-01 12:36:50
829665,9245,98981,829565789,2,2023-05-29 02:11:11,2023-06-05 02:11:11
773136,6812,81778,636811711,2,2023-05-24 10:47:31,2023-05-31 10:47:31
959789,3357,49891,535915996,2,2023-05-30 12:53:22,2023-06-06 12:53:22
814186,4294,32118,488785188,1,2023-05-24 17:23:23,2023-05-31 17:23:23
913987,6259,94228,223123418,1,2023-05-24 10:57:23,2023-05-31 10:57:23
399788,4167,28297,661889665,2,2023-05-31 11:35:00,2023-06-07 11:35:00
353844,6626,36264,114938444,1,2023-05-28 00:58:46,2023-06-04 00:58:46
658348,3556,36264,114938444,1,2023-05-30 12:14:29,2023-06-06 12:14:29
614321,1661,53852,672489649,2,2023-05-26 15:27:57,2023-06-02 15:27:57
443418,4255,71635,533783859,1,2023-06-03 09:44:27,2023-06-10 09:44:27
987429,5538,36982,786211511,2,2023-05-30 03:56:15,2023-06-06 03:56:15
981836,4582,36982,786211511,2,2023-05-29 08:34:38,2023-06-05 08:34:38
331735,9534,16759,292762439,2,2023-05-28 05:10:16,2023-06-04 05:10:16
166992,6537,22795,353841322,2,2023-06-05 14:23:40,2023-06-12 14:23:40
772883,4965,28352,825972312,1,2023-05-29 00:03:07,2023-06-05 00:03:07
198881,3372,75239,763793894,2,2023-05-28 01:35:30,2023-06-04 01:35:30
161464,4111,75239,763793894,2,2023-05-31 09:11:06,2023-06-07 09:11:06
257839,3992,75826,846874255,1,2023-05-29 22:25:45,2023-06-05 22:25:45
669664,1785,22795,842953753,1,2023-06-01 03:24:54,2023-06-08 03:24:54
914356,1153,68155,242368844,1,2023-05-30 06:39:12,2023-06-06 06:39:12
752588,7217,98341,265418997,1,2023-05-30 15:47:55,2023-06-06 15:47:55
512685,8793,64136,386848428,2,2023-05-30 10:26:18,2023-06-06 10:26:18
191824,8613,28352,533693944,1,2023-06-08 18:31:07,2023-06-15 18:31:07
976483,5318,54637,621911467,2,2023-06-07 05:40:55,2023-06-14 05:40:55
453617,6298,87895,634458761,2,2023-06-02 22:42:28,2023-06-09 22:42:28
524763,9843,84994,447244294,2,2023-05-31 22:12:04,2023-06-07 22:12:04
794725,7948,36139,689249786,1,2023-06-04 18:14:39,2023-06-11 18:14:39
217652,1283,19334,727188915,1,2023-06-04 00:24:41,2023-06-11 00:24:41
164453,1454,73116,117372815,1,2023-06-09 05:48:53,2023-06-16 05:48:53
919786,5384,73116,117372815,1,2023-06-05 06:44:51,2023-06-12 06:44:51
164128,1618,73116,117372815,1,2023-06-08 05:37:48,2023-06-15 05:37:48
394992,9368,39286,645185832,2,2023-06-06 05:01:47,2023-06-13 05:01:47
262977,6537,39286,645185832,2,2023-06-04 09:14:41,2023-06-11 09:14:41
524759,1371,39286,645185832,2,2023-06-08 20:20:33,2023-06-15 20:20:33
225867,4844,83651,732672922,1,2023-06-03 04:03:47,2023-06-10 04:03:47
866826,6224,83651,732672922,1,2023-06-10 11:20:57,2023-06-17 11:20:57
553176,4598,83651,732672922,1,2023-06-04 01:25:17,2023-06-11 01:25:17
892763,4436,83651,732672922,1,2023-06-03 04:07:05,2023-06-10 04:07:05
378915,8495,69979,426841821,2,2023-06-07 12:19:06,2023-06-14 12:19:06
328777,7654,17928,434675862,2,2023-06-07 16:10:23,2023-06-14 16:10:23
857348,5187,17928,434675862,2,2023-06-05 16:43:43,2023-06-12 16:43:43
219522,3175,17928,434675862,2,2023-06-04 01:54:03,2023-06-11 01:54:03
466929,5446,18885,378838398,1,2023-06-11 22:12:48,2023-06-18 22:12:48
557179,4172,18885,378838398,1,2023-06-10 17:35:04,2023-06-17 17:35:04
291292,8847,38959,897748123,2,2023-06-09 01:23:53,2023-06-16 01:23:53
144265,2155,38959,897748123,2,2023-06-09 15:14:11,2023-06-16 15:14:11
647281,7553,38959,897748123,2,2023-06-05 09:38:25,2023-06-12 09:38:25
961964,2144,38959,897748123,2,2023-06-04 02:43:41,2023-06-11 02:43:41
128997,6689,15643,338155235,2,2023-06-08 04:42:56,2023-06-15 04:42:56
938186,8112,76186,964759597,2,2023-06-13 08:51:48,2023-06-20 08:51:48
731685,7413,76186,964759597,2,2023-06-10 07:50:47,2023-06-17 07:50:47
374997,9228,76186,964759597,2,2023-06-07 17:23:34,2023-06-14 17:23:34
882521,5479,76186,964759597,2,2023-06-07 00:16:15,2023-06-14 00:16:15
215596,1212,85797,872755174,2,2023-06-14 20:41:20,2023-06-21 20:41:20
359345,4668,85797,872755174,2,2023-06-16 04:46:17,2023-06-23 04:46:17
751864,3467,13421,442492392,2,2023-06-05 23:24:42,2023-06-12 23:24:42
315412,1543,13421,442492392,2,2023-06-07 14:03:59,2023-06-14 14:03:59
582743,2745,62697,935359928,2,2023-06-15 18:58:14,2023-06-22 18:58:14
194445,5858,62697,935359928,2,2023-06-08 13:54:06,2023-06-15 13:54:06
388549,5686,38372,541635532,1,2023-06-08 02:00:03,2023-06-15 02:00:03
191573,5574,38372,541635532,1,2023-06-07 19:03:12,2023-06-14 19:03:12
912137,2973,38372,541635532,1,2023-06-08 23:31:13,2023-06-15 23:31:13
881325,7517,38372,541635532,1,2023-06-10 13:37:39,2023-06-17 13:37:39
579112,3482,38372,541635532,1,2023-06-08 20:44:51,2023-06-15 20:44:51
193411,9388,38372,541635532,1,2023-06-06 04:00:51,2023-06-13 04:00:51
882514,6141,38372,541635532,1,2023-06-07 23:34:02,2023-06-14 23:34:02
453569,5824,93419,756875642,1,2023-06-07 04:57:32,2023-06-14 04:57:32
941335,8295,93419,756875642,1,2023-06-07 13:30:27,2023-06-14 13:30:27
855162,1582,93419,756875642,1,2023-06-06 12:52:44,2023-06-13 12:52:44
273436,7975,95484,652184618,1,2023-06-07 18:33:51,2023-06-14 18:33:51
496781,8151,95484,652184618,1,2023-06-08 05:04:50,2023-06-15 05:04:50
457372,7734,56997,128742817,2,2023-06-17 04:01:29,2023-06-24 04:01:29
316764,4259,56997,128742817,2,2023-06-07 12:01:18,2023-06-14 12:01:18
691124,1142,56997,128742817,2,2023-06-13 10:09:11,2023-06-20 10:09:11
716425,8267,73116,158956477,1,2023-06-11 06:11:56,2023-06-18 06:11:56
177841,5796,73116,158956477,1,2023-06-13 06:28:28,2023-06-20 06:28:28
369246,2856,81794,915617987,1,2023-06-14 18:16:11,2023-06-21 18:16:11
337139,7347,81794,915617987,1,2023-06-21 10:45:14,2023-06-28 10:45:14
527712,5817,81794,915617987,1,2023-06-09 10:20:26,2023-06-16 10:20:26
996523,5726,81794,915617987,1,2023-06-12 20:22:00,2023-06-19 20:22:00
752422,8399,81794,915617987,1,2023-06-18 03:43:07,2023-06-25 03:43:07
872254,2618,93494,325688964,2,2023-06-19 09:40:07,2023-06-26 09:40:07
746346,1624,93494,325688964,2,2023-06-16 22:25:59,2023-06-23 22:25:59
111471,5282,93494,325688964,2,2023-06-17 10:19:30,2023-06-24 10:19:30
285777,1182,67239,455567213,2,2023-06-11 21:38:45,2023-06-18 21:38:45
476874,9725,67239,455567213,2,2023-06-16 13:34:47,2023-06-23 13:34:47
678349,6195,94294,429637578,2,2023-06-19 19:48:15,2023-06-26 19:48:15
926166,5677,94294,429637578,2,2023-06-16 13:41:24,2023-06-23 13:41:24
353674,5413,94294,429637578,2,2023-06-18 14:47:01,2023-06-25 14:47:01
677657,9285,94294,429637578,2,2023-06-17 22:30:39,2023-06-24 22:30:39
671342,1583,94294,429637578,2,2023-06-16 15:14:09,2023-06-23 15:14:09
196744,5748,94294,429637578,2,2023-06-18 05:11:20,2023-06-25 05:11:20
755229,2226,94294,429637578,2,2023-06-17 06:42:26,2023-06-24 06:42:26
273247,3923,94294,429637578,2,2023-06-16 23:59:10,2023-06-23 23:59:10
688665,2969,88744,398982697,2,2023-06-16 03:09:42,2023-06-23 03:09:42
598227,2617,34212,775617783,2,2023-06-16 15:37:48,2023-06-23 15:37:48
298517,6329,34212,775617783,2,2023-06-23 20:25:36,2023-06-30 20:25:36
583179,2366,99146,221284397,2,2023-06-24 12:43:02,2023-07-01 12:43:02
657982,2418,99146,221284397,2,2023-06-15 01:29:42,2023-06-22 01:29:42
974838,7669,99146,221284397,2,2023-06-19 02:32:09,2023-06-26 02:32:09
534519,5516,99146,221284397,2,2023-06-17 00:40:49,2023-06-24 00:40:49
974366,8117,38238,436529564,2,2023-06-22 07:27:46,2023-06-29 07:27:46
492482,5533,27952,256364313,2,2023-06-16 10:29:43,2023-06-23 10:29:43
996358,9136,27952,256364313,2,2023-06-14 11:51:54,2023-06-21 11:51:54
315346,3891,52688,677432848,1,2023-06-21 16:35:22,2023-06-28 16:35:22
911564,5755,52688,677432848,1,2023-06-19 07:33:31,2023-06-26 07:33:31
519823,8138,52688,677432848,1,2023-06-17 22:14:58,2023-06-24 22:14:58
223374,5727,52688,677432848,1,2023-06-13 18:02:11,2023-06-20 18:02:11
717196,8986,52688,677432848,1,2023-06-13 23:00:14,2023-06-20 23:00:14
322883,5892,17822,916931873,1,2023-06-16 16:30:57,2023-06-23 16:30:57
682659,5888,17822,916931873,1,2023-06-16 05:18:52,2023-06-23 05:18:52
969956,8383,81794,627262595,2,2023-06-18 01:04:05,2023-06-25 01:04:05
838842,4219,81794,627262595,2,2023-06-18 04:14:27,2023-06-25 04:14:27
618544,8896,81794,627262595,2,2023-06-17 06:37:57,2023-06-24 06:37:57
417942,3493,81794,627262595,2,2023-06-14 08:21:14,2023-06-21 08:21:14
624248,1771,11679,159914325,1,2023-06-15 07:26:14,2023-06-22 07:26:14
565253,3773,15877,639512243,1,2023-06-25 05:05:29,2023-07-02 05:05:29
388172,1188,16582,186986641,2,2023-06-15 21:35:39,2023-06-22 21:35:39
636511,3573,16582,186986641,2,2023-06-16 06:21:19,2023-06-23 06:21:19
551434,6196,16582,186986641,2,2023-06-16 06:10:45,2023-06-23 06:10:45
699678,6933,16582,186986641,2,2023-06-15 20:27:14,2023-06-22 20:27:14
545923,2492,16582,186986641,2,2023-06-17 01:35:52,2023-06-24 01:35:52
573942,4182,17822,788964586,2,2023-06-20 15:33:48,2023-06-27 15:33:48
797159,6742,17822,788964586,2,2023-06-25 03:56:29,2023-07-02 03:56:29
171314,7962,17822,788964586,2,2023-06-22 21:00:11,2023-06-29 21:00:11
197334,4458,17822,788964586,2,2023-06-23 15:09:14,2023-06-30 15:09:14
455888,4497,38387,839912945,2,2023-06-21 11:49:08,2023-06-28 11:49:08
565441,7717,38387,839912945,2,2023-06-16 16:56:52,2023-06-23 16:56:52
722617,5732,38387,839912945,2,2023-06-17 00:07:41,2023-06-24 00:07:41
329451,2145,38387,839912945,2,2023-06-17 16:18:34,2023-06-24 16:18:34
449964,6773,81661,783385282,1,2023-06-16 20:42:51,2023-06-23 20:42:51
775511,1679,81661,783385282,1,2023-06-18 17:34:50,2023-06-25 17:34:50
926962,4875,53481,932225864,1,2023-06-20 15:12:43,2023-06-27 15:12:43
665459,7477,53481,932225864,1,2023-06-28 14:40:02,2023-07-05 14:40:02
783311,3992,53481,932225864,1,2023-06-18 08:42:29,2023-06-25 08:42:29
961575,4167,53481,932225864,1,2023-06-25 12:39:42,2023-07-02 12:39:42
784966,9799,53481,932225864,1,2023-06-20 12:56:52,2023-06-27 12:56:52
992665,9111,92118,812914588,2,2023-06-19 22:54:20,2023-06-26 22:54:20
856831,2345,52661,134271769,1,2023-06-18 16:29:26,2023-06-25 16:29:26
395144,4411,51741,358475855,2,2023-06-20 14:25:30,2023-06-27 14:25:30
395451,3159,49273,955367684,1,2023-06-20 16:07:53,2023-06-27 16:07:53
899862,4133,49273,955367684,1,2023-06-27 02:10:02,2023-07-04 02:10:02
935429,2184,49273,955367684,1,2023-06-23 07:53:17,2023-06-30 07:53:17
583619,7291,49273,955367684,1,2023-06-29 07:42:44,2023-07-06 07:42:44
614984,3649,49273,955367684,1,2023-06-22 00:48:43,2023-06-29 00:48:43
681641,6278,48267,486717836,2,2023-06-21 02:12:12,2023-06-28 02:12:12
535148,1944,17928,995811443,2,2023-06-21 11:25:27,2023-06-28 11:25:27
321819,6137,17928,995811443,2,2023-06-21 03:52:54,2023-06-28 03:52:54
637493,2977,17928,995811443,2,2023-06-21 04:00:21,2023-06-28 04:00:21
584933,3219,17928,995811443,2,2023-06-19 15:26:32,2023-06-26 15:26:32
477346,5749,17928,995811443,2,2023-06-20 17:32:02,2023-06-27 17:32:02
398134,8529,17928,995811443,2,2023-06-20 18:10:03,2023-06-27 18:10:03
956522,1663,17928,995811443,2,2023-06-19 09:58:44,2023-06-26 09:58:44
787295,7718,91747,418167276,2,2023-06-19 02:41:53,2023-06-26 02:41:53
829821,6158,35217,995127523,2,2023-06-21 20:21:12,2023-06-28 20:21:12
644198,1649,35217,995127523,2,2023-06-20 12:57:27,2023-06-27 12:57:27
877175,1431,48597,646117857,1,2023-06-23 12:44:06,2023-06-30 12:44:06
146688,4114,48597,646117857,1,2023-06-20 20:52:17,2023-06-27 20:52:17
776182,5298,48597,646117857,1,2023-06-23 10:21:58,2023-06-30 10:21:58
977931,3424,48597,646117857,1,2023-06-22 11:26:38,2023-06-29 11:26:38
176122,8417,17974,758539654,2,2023-06-23 06:44:02,2023-06-30 06:44:02
895119,8545,72577,479297248,1,2023-06-25 01:02:01,2023-07-02 01:02:01
524499,9445,72577,479297248,1,2023-06-23 15:25:53,2023-06-30 15:25:53
742151,5448,33685,271579534,2,2023-06-23 17:38:50,2023-06-30 17:38:50
689322,2887,48184,149292448,2,2023-06-23 05:44:04,2023-06-30 05:44:04
191771,7618,56136,887712666,1,2023-06-23 23:22:36,2023-06-30 23:22:36
479392,9536,56136,887712666,1,2023-06-23 13:05:21,2023-06-30 13:05:21
376865,7636,56136,887712666,1,2023-06-22 06:33:04,2023-06-29 06:33:04
828522,9892,11362,939358147,1,2023-07-01 19:50:48,2023-07-08 19:50:48
379459,1617,93784,733233592,2,2023-07-01 06:58:54,2023-07-08 06:58:54
879714,3593,48267,657518958,2,2023-07-02 16:16:18,2023-07-09 16:16:18
828284,6943,48384,735632742,1,2023-06-30 00:56:20,2023-07-07 00:56:20
941692,9644,48384,735632742,1,2023-06-26 17:36:07,2023-07-03 17:36:07
897546,4165,52688,369927628,2,2023-06-25 23:27:11,2023-07-02 23:27:11
398362,4533,52688,369927628,2,2023-06-27 10:54:08,2023-07-04 10:54:08
224284,4873,52488,734829786,1,2023-07-04 11:03:10,2023-07-11 11:03:10
571567,5928,49273,957295969,1,2023-07-02 00:10:24,2023-07-09 00:10:24
899137,5513,81563,627628156,1,2023-07-01 03:01:46,2023-07-08 03:01:46
454621,8211,81563,627628156,1,2023-06-26 02:55:30,2023-07-03 02:55:30
146893,4143,85797,489731815,1,2023-06-26 03:01:52,2023-07-03 03:01:52
718589,3287,13446,435186965,2,2023-06-29 02:59:39,2023-07-06 02:59:39
587271,9863,48597,823447315,1,2023-07-04 07:49:12,2023-07-11 07:49:12
478395,3299,48597,823447315,1,2023-06-29 09:19:33,2023-07-06 09:19:33
855944,7732,99146,447391988,1,2023-07-02 09:27:51,2023-07-09 09:27:51
453363,7381,49492,189881355,1,2023-07-02 17:00:22,2023-07-09 17:00:22
345157,2255,17345,495711973,2,2023-07-01 12:30:03,2023-07-08 12:30:03
793928,8241,17345,495711973,2,2023-07-02 20:02:15,2023-07-09 20:02:15
973993,9992,17345,495711973,2,2023-07-01 11:28:29,2023-07-08 11:28:29
185952,8276,44698,718493377,2,2023-07-07 15:33:12,2023-07-14 15:33:12
441375,2348,43926,997386756,1,2023-06-29 06:31:45,2023-07-06 06:31:45
721929,7661,43926,997386756,1,2023-07-02 06:05:55,2023-07-09 06:05:55
647135,2339,81299,661483154,2,2023-06-29 09:42:57,2023-07-06 09:42:57
182627,2599,81299,661483154,2,2023-06-30 00:24:49,2023-07-07 00:24:49
748887,7835,33685,886542169,1,2023-06-29 21:31:43,2023-07-06 21:31:43
962252,1322,33685,886542169,1,2023-06-29 11:33:22,2023-07-06 11:33:22
369454,9283,33685,886542169,1,2023-06-29 04:06:37,2023-07-06 04:06:37
918968,2239,81563,582153966,2,2023-06-30 20:20:35,2023-07-07 20:20:35
491554,3472,81563,582153966,2,2023-07-02 03:11:23,2023-07-09 03:11:23
876743,1653,11362,416178399,2,2023-07-01 20:40:46,2023-07-08 20:40:46
137694,1254,18885,482958996,1,2023-06-30 19:07:26,2023-07-07 19:07:26
532639,4124,18885,482958996,1,2023-07-06 23:12:24,2023-07-13 23:12:24
471249,2167,18885,482958996,1,2023-06-30 15:25:29,2023-07-07 15:25:29
773771,6628,18885,482958996,1,2023-07-05 23:47:13,2023-07-12 23:47:13
799932,4364,21656,738936987,1,2023-07-03 12:08:15,2023-07-10 12:08:15
298571,7679,21656,738936987,1,2023-07-10 15:16:00,2023-07-17 15:16:00
147995,2452,39286,128752427,2,2023-07-06 02:44:54,2023-07-13 02:44:54
364477,8179,68537,551653362,1,2023-07-01 00:07:22,2023-07-08 00:07:22
927278,4237,68537,551653362,1,2023-07-01 11:37:54,2023-07-08 11:37:54
469815,5466,58567,963497546,1,2023-07-02 07:37:43,2023-07-09 07:37:43
148258,3475,45773,943451228,2,2023-07-10 03:15:40,2023-07-17 03:15:40
513194,3971,45773,943451228,2,2023-07-05 10:01:22,2023-07-12 10:01:22
741185,3124,52956,482754946,1,2023-07-05 17:54:02,2023-07-12 17:54:02
435499,2895,52956,482754946,1,2023-07-05 00:38:13,2023-07-12 00:38:13
765483,6546,52956,482754946,1,2023-07-03 19:36:34,2023-07-10 19:36:34
628448,3148,29857,169987662,1,2023-07-07 14:54:09,2023-07-14 14:54:09
776925,6893,29857,169987662,1,2023-07-11 00:20:51,2023-07-18 00:20:51
323357,1586,29857,169987662,1,2023-07-17 07:36:21,2023-07-24 07:36:21
296832,2682,53639,787122126,2,2023-07-05 00:24:20,2023-07-12 00:24:20
293672,1975,26342,111822115,2,2023-07-10 23:31:28,2023-07-17 23:31:28
617978,4842,36364,598942797,1,2023-07-06 08:06:26,2023-07-13 08:06:26
965816,5327,36364,598942797,1,2023-07-09 11:52:07,2023-07-16 11:52:07
976127,2548,36364,598942797,1,2023-07-15 20:24:14,2023-07-22 20:24:14
577641,8953,36364,598942797,1,2023-07-09 11:54:43,2023-07-16 11:54:43
541444,1521,48572,297265714,1,2023-07-11 19:13:53,2023-07-18 19:13:53
986193,9282,48572,297265714,1,2023-07-06 19:18:10,2023-07-13 19:18:10
515772,1223,61746,249211384,2,2023-07-10 12:19:41,2023-07-17 12:19:41
349984,4126,57677,292312471,1,2023-07-06 19:03:19,2023-07-13 19:03:19
932463,8123,57677,292312471,1,2023-07-07 04:25:05,2023-07-14 04:25:05
938947,1385,39869,562526351,1,2023-07-15 02:28:58,2023-07-22 02:28:58
429713,7315,65326,524664988,1,2023-07-10 19:16:28,2023-07-17 19:16:28
966831,1735,65326,524664988,1,2023-07-09 07:58:51,2023-07-16 07:58:51
265655,4736,65326,524664988,1,2023-07-10 08:51:40,2023-07-17 08:51:40
499636,2939,74539,783917582,1,2023-07-10 17:15:57,2023-07-17 17:15:57
546337,6656,82322,754979867,1,2023-07-12 14:09:21,2023-07-19 14:09:21
868561,6955,33581,917114464,2,2023-07-14 10:31:39,2023-07-21 10:31:39
578997,5944,56254,851439436,2,2023-07-11 23:45:17,2023-07-18 23:45:17
815844,9385,56254,851439436,2,2023-07-13 00:50:29,2023-07-20 00:50:29
741388,5486,93919,921566659,2,2023-07-10 13:20:19,2023-07-17 13:20:19
861351,9444,93919,921566659,2,2023-07-11 12:58:40,2023-07-18 12:58:40
929583,6984,41719,232984566,1,2023-07-14 18:37:10,2023-07-21 18:37:10
167343,4628,41719,232984566,1,2023-07-11 00:07:08,2023-07-18 00:07:08
421734,6899,41719,232984566,1,2023-07-18 11:22:20,2023-07-25 11:22:20
919593,6361,31917,479586435,1,2023-07-11 01:22:06,2023-07-18 01:22:06
949565,8592,24956,814537552,2,2023-07-11 11:04:41,2023-07-18 11:04:41
249923,6531,24956,814537552,2,2023-07-10 14:18:13,2023-07-17 14:18:13
694933,2544,24956,814537552,2,2023-07-11 14:26:16,2023-07-18 14:26:16
297841,1922,24956,814537552,2,2023-07-11 21:45:05,2023-07-18 21:45:05
212999,6985,53126,779625528,1,2023-07-11 02:05:11,2023-07-18 02:05:11
479768,9864,53126,779625528,1,2023-07-15 05:27:38,2023-07-22 05:27:38
568154,1611,74339,429486282,2,2023-07-12 19:58:15,2023-07-19 19:58:15
678751,4969,94368,129658362,2,2023-07-14 17:03:38,2023-07-21 17:03:38
627956,8392,94368,129658362,2,2023-07-16 14:04:11,2023-07-23 14:04:11
694219,9692,52523,861915921,2,2023-07-19 12:11:54,2023-07-26 12:11:54
942558,4975,52523,861915921,2,2023-07-13 01:02:37,2023-07-20 01:02:37
683276,3517,52523,861915921,2,2023-07-19 07:15:02,2023-07-26 07:15:02
698838,9119,52523,861915921,2,2023-07-16 01:38:50,2023-07-23 01:38:50
396176,4415,52523,861915921,2,2023-07-15 14:03:39,2023-07-22 14:03:39
315394,9651,69312,879429743,1,2023-07-14 06:17:28,2023-07-21 06:17:28
959293,3449,69312,879429743,1,2023-07-13 03:25:11,2023-07-20 03:25:11
122455,4936,24827,983478333,1,2023-07-14 22:36:40,2023-07-21 22:36:40
977645,6493,52523,884146242,1,2023-07-14 14:57:19,2023-07-21 14:57:19
514963,8156,31917,843165591,1,2023-07-14 05:09:54,2023-07-21 05:09:54
745956,9741,31917,843165591,1,2023-07-14 02:23:40,2023-07-21 02:23:40
868131,4695,15755,281636299,2,2023-07-16 06:23:31,2023-07-23 06:23:31
752144,2526,45225,325852669,1,2023-07-13 12:17:52,2023-07-20 12:17:52
259381,3436,45225,325852669,1,2023-07-13 14:06:45,2023-07-20 14:06:45
278316,5711,45225,325852669,1,2023-07-15 14:22:04,2023-07-22 14:22:04
681569,9268,45225,325852669,1,2023-07-13 17:44:24,2023-07-20 17:44:24
221746,9929,93782,823243177,1,2023-07-15 03:27:42,2023-07-22 03:27:42
988617,3824,81371,227252968,1,2023-07-18 17:40:24,2023-07-25 17:40:24
478442,9744,81371,227252968,1,2023-07-14 21:37:11,2023-07-21 21:37:11
359486,7989,81371,227252968,1,2023-07-15 03:10:46,2023-07-22 03:10:46
851668,9869,81371,227252968,1,2023-07-17 18:38:57,2023-07-24 18:38:57
767269,1831,82322,261838229,2,2023-07-25 10:38:59,2023-08-01 10:38:59
512761,5622,51884,634771658,1,2023-07-19 14:01:26,2023-07-26 14:01:26
887115,5186,53851,833366771,1,2023-07-17 04:24:58,2023-07-24 04:24:58
964114,3494,89863,515928486,2,2023-07-16 23:28:31,2023-07-23 23:28:31
392161,5426,39438,635833128,1,2023-07-26 18:48:34,2023-08-02 18:48:34
787933,6842,42559,159161583,1,2023-07-18 19:10:23,2023-07-25 19:10:23
695936,5172,26342,972155272,2,2023-07-26 15:47:07,2023-08-02 15:47:07
193993,9719,26342,972155272,2,2023-07-20 06:27:16,2023-07-27 06:27:16
152736,9415,55623,336523323,1,2023-07-17 21:43:59,2023-07-24 21:43:59
158581,7145,55623,336523323,1,2023-07-19 08:56:36,2023-07-26 08:56:36
638463,3485,55623,336523323,1,2023-07-18 10:49:55,2023-07-25 10:49:55
614626,2451,45642,267894312,2,2023-07-23 05:23:14,2023-07-30 05:23:14
672116,9434,38496,244441969,1,2023-07-23 19:00:38,2023-07-30 19:00:38
125841,8795,27436,466666215,2,2023-07-23 23:03:20,2023-07-30 23:03:20
393139,7967,27436,466666215,2,2023-07-21 13:15:34,2023-07-28 13:15:34
511928,4149,53639,479754962,2,2023-07-24 16:30:21,2023-07-31 16:30:21
424512,6199,53639,479754962,2,2023-07-23 00:37:18,2023-07-30 00:37:18
785516,7196,61379,869829323,1,2023-07-19 16:15:12,2023-07-26 16:15:12
738433,4178,81251,964769767,1,2023-07-24 19:23:46,2023-07-31 19:23:46
755753,8658,14438,119443551,2,2023-07-26 15:37:26,2023-08-02 15:37:26
169478,4876,36364,647731183,1,2023-07-27 08:44:39,2023-08-03 08:44:39
288786,3321,14835,621887215,1,2023-07-28 09:05:53,2023-08-04 09:05:53
317355,3681,14835,621887215,1,2023-07-26 07:58:22,2023-08-02 07:58:22
994545,7683,14835,621887215,1,2023-07-24 03:51:13,2023-07-31 03:51:13
484155,3427,14835,621887215,1,2023-07-21 17:22:16,2023-07-28 17:22:16
961754,1172,14835,621887215,1,2023-07-26 19:30:08,2023-08-02 19:30:08
897315,6447,14835,621887215,1,2023-07-27 09:40:22,2023-08-03 09:40:22
861183,6355,14835,621887215,1,2023-07-21 20:35:19,2023-07-28 20:35:19
479566,9384,72162,767511397,2,2023-07-27 09:17:35,2023-08-03 09:17:35
568722,9229,72162,767511397,2,2023-07-25 12:21:31,2023-08-01 12:21:31
578937,5221,72162,767511397,2,2023-07-25 08:05:45,2023-08-01 08:05:45
853841,2788,83224,651331527,2,2023-07-27 03:01:51,2023-08-03 03:01:51
293765,8989,83224,651331527,2,2023-07-25 15:23:46,2023-08-01 15:23:46
614627,6213,83224,651331527,2,2023-07-21 11:51:05,2023-07-28 11:51:05
154863,7258,83224,651331527,2,2023-07-21 11:19:53,2023-07-28 11:19:53
239912,1766,87514,921987597,2,2023-07-27 04:22:56,2023-08-03 04:22:56
797971,7631,87514,921987597,2,2023-07-26 03:20:23,2023-08-02 03:20:23
446931,9459,87514,921987597,2,2023-07-23 05:35:32,2023-07-30 05:35:32
633387,3272,87514,921987597,2,2023-07-25 04:00:38,2023-08-01 04:00:38
992971,6196,87514,921987597,2,2023-07-24 10:48:56,2023-07-31 10:48:56
268517,5743,87514,921987597,2,2023-07-21 14:23:07,2023-07-28 14:23:07
933322,5585,83737,838785449,2,2023-07-23 13:08:32,2023-07-30 13:08:32
769679,8462,63371,746978932,1,2023-07-24 05:45:32,2023-07-31 05:45:32
326559,1478,24754,621771726,2,2023-07-30 01:26:09,2023-08-06 01:26:09
581213,6116,63732,887663952,1,2023-07-29 14:56:42,2023-08-05 14:56:42
879739,4768,17887,134475766,2,2023-07-25 07:26:20,2023-08-01 07:26:20
492533,9499,17887,134475766,2,2023-07-24 20:35:04,2023-07-31 20:35:04
945144,5915,17887,134475766,2,2023-07-24 01:03:19,2023-07-31 01:03:19
476225,6539,17887,134475766,2,2023-07-27 15:22:14,2023-08-03 15:22:14
257363,1517,17887,134475766,2,2023-07-23 17:47:26,2023-07-30 17:47:26
941297,9822,87514,931336291,1,2023-07-26 16:19:20,2023-08-02 16:19:20
198738,8618,87514,931336291,1,2023-08-01 00:25:31,2023-08-08 00:25:31
866446,8135,87514,931336291,1,2023-07-31 23:47:35,2023-08-07 23:47:35
271417,2967,66592,927487331,2,2023-07-22 19:03:07,2023-07-29 19:03:07
558385,9691,66592,927487331,2,2023-07-26 11:41:40,2023-08-02 11:41:40
717677,6284,66592,927487331,2,2023-07-24 02:55:23,2023-07-31 02:55:23
145488,5786,66592,927487331,2,2023-07-23 02:54:55,2023-07-30 02:54:55
697964,7446,24827,172454342,1,2023-07-26 05:54:30,2023-08-02 05:54:30
845751,8513,62589,827736446,1,2023-07-30 01:14:30,2023-08-06 01:14:30
385192,9572,78859,795252239,2,2023-07-22 13:51:20,2023-07-29 13:51:20
696925,6927,27773,852453984,1,2023-07-26 18:28:14,2023-08-02 18:28:14
232733,6996,39869,737519794,1,2023-07-25 14:34:46,2023-08-01 14:34:46
821244,1677,39869,737519794,1,2023-07-25 12:11:43,2023-08-01 12:11:43
351412,9678,94368,888988397,2,2023-07-26 09:37:23,2023-08-02 09:37:23
912621,5178,24956,262317488,2,2023-07-25 02:14:52,2023-08-01 02:14:52
376145,1898,24956,262317488,2,2023-07-26 05:13:15,2023-08-02 05:13:15
949281,5353,57677,192196173,1,2023-08-02 00:58:44,2023-08-09 00:58:44
561157,1443,16691,949427685,1,2023-07-26 20:50:05,2023-08-02 20:50:05
158635,3919,16691,949427685,1,2023-07-26 21:12:14,2023-08-02 21:12:14
712569,6542,16691,949427685,1,2023-07-26 22:00:08,2023-08-02 22:00:08
133564,6853,61379,469344893,1,2023-07-28 00:30:05,2023-08-04 00:30:05
874919,2699,61379,469344893,1,2023-07-30 23:35:37,2023-08-06 23:35:37
478329,2968,77882,146941517,2,2023-07-29 01:26:39,2023-08-05 01:26:39
438841,9992,77882,146941517,2,2023-07-29 10:03:12,2023-08-05 10:03:12
221616,9785,77882,146941517,2,2023-07-28 20:23:35,2023-08-04 20:23:35
435776,8155,13955,342549382,1,2023-07-29 15:39:29,2023-08-05 15:39:29
794683,9257,13955,342549382,1,2023-07-29 06:26:10,2023-08-05 06:26:10
288296,3482,24754,568425835,2,2023-07-31 00:31:48,2023-08-07 00:31:48
877584,6736,81251,247664682,1,2023-08-01 15:45:36,2023-08-08 15:45:36
452392,4211,81251,247664682,1,2023-07-31 00:42:35,2023-08-07 00:42:35
285843,9318,16691,836938894,2,2023-07-29 20:27:36,2023-08-05 20:27:36
437122,7869,16691,836938894,2,2023-07-30 23:50:03,2023-08-06 23:50:03
347428,1978,74197,979455933,1,2023-08-03 15:00:58,2023-08-10 15:00:58
892358,9192,74197,979455933,1,2023-08-02 16:33:15,2023-08-09 16:33:15
664899,8514,74197,979455933,1,2023-08-04 03:54:37,2023-08-11 03:54:37
954975,4425,74197,979455933,1,2023-08-04 15:46:34,2023-08-11 15:46:34
957517,9455,31917,484465567,2,2023-08-02 19:58:54,2023-08-09 19:58:54
336812,2543,74863,676145783,2,2023-08-06 05:30:44,2023-08-13 05:30:44
454539,9839,19814,454651814,2,2023-08-06 00:05:38,2023-08-13 00:05:38
187799,3349,19814,454651814,2,2023-08-12 08:55:22,2023-08-19 08:55:22
984194,3864,19814,454651814,2,2023-08-12 11:27:12,2023-08-19 11:27:12
172416,3211,42319,359673183,2,2023-08-02 19:16:42,2023-08-09 19:16:42
998137,7368,12854,142675258,1,2023-08-05 14:40:46,2023-08-12 14:40:46
759428,8182,26691,455414516,1,2023-08-11 14:18:26,2023-08-18 14:18:26
982721,9471,83141,169826478,1,2023-08-08 18:55:05,2023-08-15 18:55:05
727669,1646,83141,169826478,1,2023-08-05 10:29:47,2023-08-12 10:29:47
651833,6453,53963,244364558,1,2023-08-03 02:01:04,2023-08-10 02:01:04
254444,6916,38317,881653456,2,2023-08-04 11:27:05,2023-08-11 11:27:05
959889,6495,38317,881653456,2,2023-08-04 22:34:04,2023-08-11 22:34:04
812357,1122,28677,464687282,2,2023-08-08 19:41:36,2023-08-15 19:41:36
229416,6146,26691,345957921,1,2023-08-03 21:14:02,2023-08-10 21:14:02
469917,8593,17134,288726489,1,2023-08-04 15:08:01,2023-08-11 15:08:01
794199,9964,87769,969196876,1,2023-08-08 22:42:54,2023-08-15 22:42:54
831479,7634,87769,729935791,1,2023-08-15 13:42:20,2023-08-22 13:42:20
153258,8643,77261,692228348,2,2023-08-12 12:06:31,2023-08-19 12:06:31
621635,7898,77261,692228348,2,2023-08-12 21:00:42,2023-08-19 21:00:42
593852,5471,14383,683274628,1,2023-08-10 06:01:34,2023-08-17 06:01:34
944326,3837,58164,335874774,1,2023-08-12 02:52:24,2023-08-19 02:52:24
846673,3565,74347,927934378,2,2023-08-04 10:19:39,2023-08-11 10:19:39
566993,8667,72951,899495239,1,2023-08-13 12:52:59,2023-08-20 12:52:59
754258,6637,24493,497885287,1,2023-08-08 12:44:39,2023-08-15 12:44:39
869899,6716,42828,815783753,1,2023-08-06 08:28:12,2023-08-13 08:28:12
522131,8311,32615,191552276,2,2023-08-07 21:51:51,2023-08-14 21:51:51
985927,7795,82311,284666125,2,2023-08-08 15:58:02,2023-08-15 15:58:02
797859,5536,76871,597963618,2,2023-08-14 14:21:05,2023-08-21 14:21:05
289679,8444,16124,643369988,1,2023-08-08 18:00:53,2023-08-15 18:00:53
594751,4414,16124,643369988,1,2023-08-12 12:42:11,2023-08-19 12:42:11
355921,6693,57836,642183815,2,2023-08-13 09:37:02,2023-08-20 09:37:02
928118,1732,69365,753989621,1,2023-08-11 18:59:41,2023-08-18 18:59:41
594199,2781,89236,634978244,2,2023-08-10 11:24:12,2023-08-17 11:24:12
954798,3633,26664,386861725,1,2023-08-18 15:50:46,2023-08-25 15:50:46
912954,3964,56698,186831266,1,2023-08-14 11:28:43,2023-08-21 11:28:43
295941,4167,77397,449468531,2,2023-08-15 03:09:20,2023-08-22 03:09:20
773758,5437,24487,284576972,2,2023-08-15 13:05:44,2023-08-22 13:05:44
719963,3785,28641,114768156,1,2023-08-15 01:37:15,2023-08-22 01:37:15
214561,6192,28641,114768156,1,2023-08-19 00:14:25,2023-08-26 00:14:25
282829,6895,26229,752129439,2,2023-08-20 15:42:53,2023-08-27 15:42:53
424751,7698,26229,752129439,2,2023-08-15 06:23:12,2023-08-22 06:23:12
982289,2423,26229,752129439,2,2023-08-14 12:32:55,2023-08-21 12:32:55
595585,3577,86794,984834953,2,2023-08-27 11:56:24,2023-09-03 11:56:24
899426,2644,86794,984834953,2,2023-08-17 16:39:55,2023-08-24 16:39:55
455587,9272,53265,945738122,2,2023-08-17 18:27:55,2023-08-24 18:27:55
727967,9328,87783,491994424,2,2023-08-24 18:04:49,2023-08-31 18:04:49
818874,5592,71635,533783859,1,2023-08-17 04:17:30,2023-08-24 04:17:30
564114,7372,71635,533783859,1,2023-08-17 18:32:19,2023-08-24 18:32:19
535495,1667,65989,424465747,1,2023-08-22 08:00:33,2023-08-29 08:00:33
456863,4249,65176,988812962,1,2023-08-18 18:58:37,2023-08-25 18:58:37
926245,3247,28816,715852712,1,2023-08-23 09:56:16,2023-08-30 09:56:16
882465,9267,59649,224451457,2,2023-08-21 22:41:37,2023-08-28 22:41:37
411955,9371,59649,224451457,2,2023-08-24 13:43:20,2023-08-31 13:43:20
971585,8295,27342,685145167,2,2023-08-20 04:23:40,2023-08-27 04:23:40
445821,4652,55219,211557561,1,2023-08-31 20:46:17,2023-09-07 20:46:17
151777,8225,93775,857758497,2,2023-08-20 00:09:09,2023-08-27 00:09:09
232159,3545,93775,857758497,2,2023-08-19 08:19:00,2023-08-26 08:19:00
461343,5636,58931,493618818,1,2023-08-21 00:21:07,2023-08-28 00:21:07
987292,4497,96645,512728578,2,2023-08-21 21:12:52,2023-08-28 21:12:52
199472,2192,77261,953143543,2,2023-08-30 08:34:58,2023-09-06 08:34:58
455942,4898,65176,464326127,2,2023-08-23 16:58:23,2023-08-30 16:58:23
866494,6199,65176,464326127,2,2023-08-27 16:13:52,2023-09-03 16:13:52
957645,3151,97956,559893727,1,2023-08-22 12:23:34,2023-08-29 12:23:34
162427,9123,17579,374922622,2,2023-09-01 08:55:25,2023-09-08 08:55:25
632332,2416,99271,169838297,1,2023-08-26 14:16:59,2023-09-02 14:16:59
342926,7563,72372,456372352,1,2023-08-22 20:31:21,2023-08-29 20:31:21
342796,3145,42284,317693229,1,2023-08-28 06:33:09,2023-09-04 06:33:09
241624,7133,71338,961558711,1,2023-08-26 02:08:23,2023-09-02 02:08:23
557523,2429,71338,961558711,1,2023-08-23 13:23:16,2023-08-30 13:23:16
529826,2313,71338,961558711,1,2023-08-24 13:49:56,2023-08-31 13:49:56
738342,2993,38459,195272934,2,2023-08-24 14:44:46,2023-08-31 14:44:46
346948,5244,38459,195272934,2,2023-09-05 00:53:38,2023-09-12 00:53:38
626453,9485,52273,782186243,2,2023-08-27 02:27:52,2023-09-03 02:27:52
778659,3353,55889,414688817,1,2023-08-27 12:37:38,2023-09-03 12:37:38
652516,4665,55889,414688817,1,2023-09-01 00:19:17,2023-09-08 00:19:17
632553,9517,96635,887398511,1,2023-08-25 23:52:32,2023-09-01 23:52:32
929219,5372,52273,883633339,2,2023-08-26 03:20:12,2023-09-02 03:20:12
777122,6934,34776,894364222,1,2023-09-03 02:40:36,2023-09-10 02:40:36
189536,1165,82311,428926521,2,2023-08-28 10:18:46,2023-09-04 10:18:46
979157,7478,33292,799447999,1,2023-09-04 10:22:57,2023-09-11 10:22:57
594133,2441,33292,799447999,1,2023-09-04 19:50:22,2023-09-11 19:50:22
659992,1622,33292,799447999,1,2023-09-02 07:27:43,2023-09-09 07:27:43
471214,7779,83141,592833693,1,2023-09-01 06:49:13,2023-09-08 06:49:13
865469,4881,81519,178624718,1,2023-09-04 17:41:16,2023-09-11 17:41:16
178868,8172,89791,478913948,2,2023-08-31 05:32:25,2023-09-07 05:32:25
432318,2348,31568,331436151,1,2023-09-03 11:43:23,2023-09-10 11:43:23
369689,8894,55848,298346976,2,2023-09-01 17:33:29,2023-09-08 17:33:29
735556,4225,29784,548772972,1,2023-09-08 15:30:51,2023-09-15 15:30:51
599761,8971,65373,132338966,1,2023-09-02 02:15:51,2023-09-09 02:15:51
164379,8617,65373,132338966,1,2023-09-02 23:01:26,2023-09-09 23:01:26
332799,4524,38459,243237449,2,2023-09-01 00:11:16,2023-09-08 00:11:16
645231,7196,95813,958938729,1,2023-09-07 14:19:33,2023-09-14 14:19:33
673364,8884,34488,245879269,1,2023-09-07 19:52:56,2023-09-14 19:52:56
795215,7619,55656,891812744,2,2023-09-06 04:35:03,2023-09-13 04:35:03
355457,6788,59383,521943228,2,2023-09-04 11:06:50,2023-09-11 11:06:50
122967,1287,28552,616365278,2,2023-09-04 17:00:32,2023-09-11 17:00:32
438188,9521,75591,836751737,1,2023-09-09 17:41:12,2023-09-16 17:41:12
547259,5635,37963,297164785,1,2023-09-03 17:18:31,2023-09-10 17:18:31
327753,8853,88729,718978573,1,2023-09-12 13:30:10,2023-09-19 13:30:10
126665,7266,14557,821584122,2,2023-09-04 15:46:55,2023-09-11 15:46:55
997377,5444,74575,185196775,1,2023-09-06 10:10:46,2023-09-13 10:10:46
784746,8663,48668,118557885,2,2023-09-12 01:12:07,2023-09-19 01:12:07
762416,7964,96573,762149217,2,2023-09-06 23:28:14,2023-09-13 23:28:14
745415,6326,21367,649955525,2,2023-09-07 03:25:24,2023-09-14 03:25:24
625972,3376,49825,892154217,2,2023-09-14 15:53:43,2023-09-21 15:53:43
759766,1571,76924,378912546,1,2023-09-10 09:52:10,2023-09-17 09:52:10
853922,8244,98224,445654759,1,2023-09-07 15:40:01,2023-09-14 15:40:01
476178,2221,93858,251959712,2,2023-09-15 02:14:00,2023-09-22 02:14:00
678154,5897,98317,136195512,2,2023-09-13 22:42:44,2023-09-20 22:42:44
311663,1574,34161,232148726,1,2023-09-09 09:56:02,2023-09-16 09:56:02
911493,8969,42169,514942266,1,2023-09-19 03:46:39,2023-09-26 03:46:39
415142,2929,54711,892136825,1,2023-09-14 13:19:11,2023-09-21 13:19:11
898361,8437,21386,322538958,1,2023-09-12 00:40:18,2023-09-19 00:40:18
284911,8587,32783,327156668,2,2023-09-12 12:16:55,2023-09-19 12:16:55
387185,5323,28936,829487658,1,2023-09-16 02:00:48,2023-09-23 02:00:48
596954,4117,77177,632421247,2,2023-09-23 11:02:55,2023-09-30 11:02:55
229464,8825,73612,577756576,2,2023-09-14 20:49:56,2023-09-21 20:49:56
825712,2555,93858,618385256,1,2023-09-18 04:42:54,2023-09-25 04:42:54
957497,1181,21367,154599611,2,2023-09-17 21:08:08,2023-09-24 21:08:08
964696,7733,37389,332932956,1,2023-09-20 12:16:15,2023-09-27 12:16:15
635838,1358,35641,982556933,1,2023-09-14 08:53:26,2023-09-21 08:53:26
691116,6986,11855,788982574,2,2023-09-14 15:33:41,2023-09-21 15:33:41
271368,6884,43374,743667892,2,2023-09-15 15:36:27,2023-09-22 15:36:27
394779,4285,62126,473197537,2,2023-09-15 03:00:14,2023-09-22 03:00:14
264343,7929,76434,723616715,1,2023-09-18 10:45:30,2023-09-25 10:45:30
162488,8488,76591,372223864,2,2023-09-15 16:46:50,2023-09-22 16:46:50
352393,9342,46537,364173641,2,2023-09-17 14:46:22,2023-09-24 14:46:22
332821,4597,59597,716531455,2,2023-09-20 15:31:57,2023-09-27 15:31:57
335663,2869,54641,341347348,1,2023-09-18 14:46:45,2023-09-25 14:46:45
537353,5161,51345,259648655,1,2023-09-16 23:59:42,2023-09-23 23:59:42
792144,4442,28721,466712878,1,2023-09-17 04:38:28,2023-09-24 04:38:28
544594,7968,31633,896244142,2,2023-09-20 21:46:54,2023-09-27 21:46:54
957176,6775,25992,431989235,2,2023-09-29 17:08:53,2023-10-06 17:08:53
481548,7715,31216,952421746,2,2023-09-24 05:34:34,2023-10-01 05:34:34
498625,1353,32783,529761564,1,2023-10-01 15:25:44,2023-10-08 15:25:44
222738,8269,56247,516439734,2,2023-09-25 20:12:21,2023-10-02 20:12:21
734447,1756,22318,751576899,1,2023-09-21 20:18:31,2023-09-28 20:18:31
995682,2246,27947,226952416,2,2023-09-24 10:29:59,2023-10-01 10:29:59
363686,4656,64177,637661912,2,2023-09-27 09:09:26,2023-10-04 09:09:26
811887,2261,31456,788425591,2,2023-09-24 19:04:16,2023-10-01 19:04:16
282375,2124,59383,418673239,1,2023-09-21 21:44:31,2023-09-28 21:44:31
332476,1848,55656,856432232,1,2023-09-28 10:03:26,2023-10-05 10:03:26
898424,4687,24482,835134678,1,2023-09-25 15:14:53,2023-10-02 15:14:53
533929,9795,77694,821298555,2,2023-10-04 16:01:24,2023-10-11 16:01:24
547439,1349,42818,848557127,2,2023-09-28 05:30:15,2023-10-05 05:30:15
995444,1114,68155,242368844,1,2023-10-01 21:59:33,2023-10-08 21:59:33
178854,8491,78893,472918299,2,2023-10-04 15:01:36,2023-10-11 15:01:36
323458,2966,98797,751888583,2,2023-09-26 11:21:50,2023-10-03 11:21:50
545217,4618,42169,173548938,1,2023-09-25 22:31:27,2023-10-02 22:31:27
557919,8576,42818,188454675,2,2023-09-25 13:09:29,2023-10-02 13:09:29
173438,3248,32615,191552276,2,2023-09-25 16:23:53,2023-10-02 16:23:53
973718,7996,62717,323621344,2,2023-10-01 17:54:09,2023-10-08 17:54:09
981377,2224,35548,894249878,1,2023-09-26 23:43:40,2023-10-03 23:43:40
171444,3727,34488,174382673,2,2023-10-04 02:55:40,2023-10-11 02:55:40
652773,3879,75561,797215768,2,2023-10-01 19:03:48,2023-10-08 19:03:48
496654,8816,29971,416849564,2,2023-10-03 06:17:23,2023-10-10 06:17:23
265947,2516,28936,545912316,1,2023-10-02 09:26:57,2023-10-09 09:26:57
218146,7479,28552,128286773,1,2023-10-09 01:41:13,2023-10-16 01:41:13
795988,2522,42424,716924299,2,2023-09-30 08:11:11,2023-10-07 08:11:11
359667,3485,47152,453184428,1,2023-10-06 21:56:31,2023-10-13 21:56:31
921272,6941,76313,636246734,1,2023-10-02 10:35:52,2023-10-09 10:35:52
392464,5753,24482,253375951,2,2023-10-03 00:56:08,2023-10-10 00:56:08
189835,4557,49559,581629482,1,2023-10-01 22:06:29,2023-10-08 22:06:29
537122,8621,27658,866921512,2,2023-10-03 07:10:51,2023-10-10 07:10:51
593969,7333,97428,143463598,1,2023-10-02 23:52:13,2023-10-09 23:52:13
383212,7366,65176,464326127,2,2023-10-03 08:29:41,2023-10-10 08:29:41
938552,5145,22672,129192674,1,2023-10-05 18:06:25,2023-10-12 18:06:25
226299,6721,86411,928452665,1,2023-10-09 12:49:10,2023-10-16 12:49:10
736364,4359,78766,897394447,2,2023-10-05 10:57:56,2023-10-12 10:57:56
147891,3918,59383,521943228,2,2023-10-14 11:59:09,2023-10-21 11:59:09
961963,8848,28976,886975497,2,2023-10-06 07:17:14,2023-10-13 07:17:14
499897,3983,98263,567359216,1,2023-10-11 22:48:23,2023-10-18 22:48:23
453467,8314,11147,324544398,1,2023-10-11 01:14:07,2023-10-18 01:14:07
236198,4476,39373,675988923,2,2023-10-13 14:25:02,2023-10-20 14:25:02
291562,8566,45869,955682179,1,2023-10-12 22:49:38,2023-10-19 22:49:38
197881,5874,35217,995127523,2,2023-10-17 16:38:33,2023-10-24 16:38:33
191843,2581,36487,351323459,1,2023-10-09 09:48:37,2023-10-16 09:48:37
899828,8517,56644,556614424,1,2023-10-11 21:12:43,2023-10-18 21:12:43
816266,2312,18316,723212752,1,2023-10-20 20:21:27,2023-10-27 20:21:27
375299,7683,56644,754726953,2,2023-10-10 23:33:16,2023-10-17 23:33:16
698111,2958,33245,888753515,1,2023-10-20 01:42:47,2023-10-27 01:42:47
791631,3262,36952,628854342,2,2023-10-13 17:45:46,2023-10-20 17:45:46
154578,6314,36836,279137278,1,2023-10-17 07:02:08,2023-10-24 07:02:08
214431,3543,39373,976486195,1,2023-10-10 10:13:01,2023-10-17 10:13:01
167534,6657,35856,339661366,1,2023-10-14 11:02:35,2023-10-21 11:02:35
946863,4434,78352,487799413,1,2023-10-13 05:15:27,2023-10-20 05:15:27
531244,3848,23738,937422567,2,2023-10-16 02:11:56,2023-10-23 02:11:56
269331,3924,34175,681593547,2,2023-10-12 03:25:53,2023-10-19 03:25:53
775582,6946,92753,649368854,2,2023-10-18 09:35:55,2023-10-25 09:35:55
587759,4314,27658,525678186,2,2023-10-14 20:12:24,2023-10-21 20:12:24
274791,8334,49784,668677999,1,2023-10-18 18:41:38,2023-10-25 18:41:38
435334,8112,47132,499668734,1,2023-10-13 14:55:32,2023-10-20 14:55:32
549281,6987,37161,662122353,1,2023-10-18 12:12:42,2023-10-25 12:12:42
217114,5446,35149,283449755,2,2023-10-15 04:23:27,2023-10-22 04:23:27
783235,4911,16268,556359716,1,2023-10-21 12:13:20,2023-10-28 12:13:20
597764,8674,33768,292852796,2,2023-10-19 19:27:38,2023-10-26 19:27:38
558952,2774,16755,596823518,1,2023-10-23 01:52:21,2023-10-30 01:52:21
236854,7952,78352,925169566,2,2023-10-16 11:51:51,2023-10-23 11:51:51
485481,8733,46994,216875689,1,2023-10-28 11:59:01,2023-11-04 11:59:01
914616,6945,56644,422976925,2,2023-10-16 15:52:28,2023-10-23 15:52:28
129533,9152,69526,783466885,1,2023-10-18 06:44:54,2023-10-25 06:44:54
386886,3562,65176,988812962,1,2023-10-17 23:54:04,2023-10-24 23:54:04
424388,1121,63395,932179691,1,2023-10-25 00:01:06,2023-11-01 00:01:06
473417,2978,59383,418673239,1,2023-10-23 12:11:32,2023-10-30 12:11:32
543296,2344,56149,331651814,2,2023-10-19 11:03:40,2023-10-26 11:03:40
949259,7231,37396,432786682,2,2023-10-18 06:15:06,2023-10-25 06:15:06
993168,6626,93217,773272119,2,2023-10-27 09:12:57,2023-11-03 09:12:57
193677,4361,56149,644367229,2,2023-10-22 02:56:32,2023-10-29 02:56:32
398727,8898,11147,632558332,1,2023-10-26 23:38:44,2023-11-02 23:38:44
871644,7431,66399,227451796,2,2023-10-22 15:06:37,2023-10-29 15:06:37
615279,8364,42287,827719729,1,2023-10-27 05:00:15,2023-11-03 05:00:15
342968,9521,93217,516169244,2,2023-10-21 00:43:52,2023-10-28 00:43:52
345379,1189,84614,715653429,2,2023-10-30 00:40:07,2023-11-06 00:40:07
625718,3419,37161,465251664,1,2023-10-21 07:42:29,2023-10-28 07:42:29
885218,1999,47132,385282397,2,2023-10-26 09:11:37,2023-11-02 09:11:37
224557,1745,45869,288834424,1,2023-10-25 15:48:51,2023-11-01 15:48:51
994342,7811,43938,466828231,2,2023-10-27 17:29:42,2023-11-03 17:29:42
252393,7263,34588,574689149,1,2023-10-27 16:30:03,2023-11-03 16:30:03
178189,7478,56644,766492773,1,2023-10-29 14:49:22,2023-11-05 14:49:22
566677,9377,51448,854476337,2,2023-10-27 08:31:55,2023-11-03 08:31:55
915196,4161,94847,395929271,2,2023-11-02 14:45:46,2023-11-09 14:45:46
982616,8589,75144,458588166,1,2023-10-25 07:46:12,2023-11-01 07:46:12
615715,5294,33245,894627121,2,2023-10-24 21:09:11,2023-10-31 21:09:11
553763,8164,65142,731271412,2,2023-10-28 10:13:05,2023-11-04 10:13:05
111671,7967,81441,283888543,1,2023-10-28 18:33:11,2023-11-04 18:33:11
593511,9354,78212,129412851,1,2023-11-04 02:44:14,2023-11-11 02:44:14
939758,8884,22935,885938732,2,2023-10-25 20:09:52,2023-11-01 20:09:52
389223,3665,41238,736218529,1,2023-10-26 01:30:15,2023-11-02 01:30:15
284384,7329,88147,254122399,1,2023-10-30 03:52:27,2023-11-06 03:52:27
131721,4979,23399,892242914,1,2023-10-29 17:34:18,2023-11-05 17:34:18
921619,3466,69388,121447428,2,2023-10-29 14:53:01,2023-11-05 14:53:01
286227,9189,33245,437775879,2,2023-10-27 14:11:24,2023-11-03 14:11:24
755248,4638,46145,731814399,1,2023-10-28 07:46:43,2023-11-04 07:46:43
919442,1754,99925,642952288,1,2023-10-29 00:26:22,2023-11-05 00:26:22
142285,7271,42287,251147463,2,2023-10-29 21:07:29,2023-11-05 21:07:29
543472,1442,65142,653745354,1,2023-10-31 17:36:13,2023-11-07 17:36:13
262236,6226,92199,473171327,1,2023-11-07 19:55:27,2023-11-14 19:55:27
875163,1961,94847,453291927,2,2023-11-08 10:25:03,2023-11-15 10:25:03
322629,5468,62112,771171186,1,2023-11-01 17:06:20,2023-11-08 17:06:20
759981,2993,55839,145471577,1,2023-11-02 03:44:54,2023-11-09 03:44:54
436828,5439,12349,458418176,2,2023-11-06 06:08:13,2023-11-13 06:08:13
541776,5991,11668,642641881,1,2023-11-14 06:58:30,2023-11-21 06:58:30
615868,4874,33314,916984245,2,2023-11-09 07:13:32,2023-11-16 07:13:32
986464,3752,48949,721824295,2,2023-11-04 21:35:14,2023-11-11 21:35:14
427496,4187,12529,152863436,2,2023-11-05 19:28:21,2023-11-12 19:28:21
672988,9142,13789,985441365,1,2023-11-05 11:58:20,2023-11-12 11:58:20
157599,3189,49537,687365153,1,2023-11-07 12:34:29,2023-11-14 12:34:29
245816,6899,91271,511878336,1,2023-11-10 20:00:26,2023-11-17 20:00:26
394122,1341,53141,556872158,1,2023-11-05 13:43:04,2023-11-12 13:43:04
416489,7368,23728,995425548,2,2023-11-05 04:21:58,2023-11-12 04:21:58
314424,2913,82868,928459615,2,2023-11-09 08:07:52,2023-11-16 08:07:52
255571,7175,98457,996813213,2,2023-11-14 23:51:41,2023-11-21 23:51:41
468859,9532,17831,233274945,2,2023-11-11 17:39:50,2023-11-18 17:39:50
966276,2921,85964,593463158,2,2023-11-12 12:43:36,2023-11-19 12:43:36
188463,5864,29968,757644691,2,2023-11-12 23:12:01,2023-11-19 23:12:01
892844,5873,98766,216869343,1,2023-11-13 08:10:56,2023-11-20 08:10:56
482713,4186,35645,218661286,2,2023-11-11 13:26:39,2023-11-18 13:26:39
274131,3428,43621,952778456,2,2023-11-18 16:27:42,2023-11-25 16:27:42
381766,6114,13747,987354622,1,2023-11-12 11:28:46,2023-11-19 11:28:46
677443,2513,92265,557715312,2,2023-11-14 20:19:08,2023-11-21 20:19:08
729951,3863,43351,523125312,2,2023-11-12 12:59:35,2023-11-19 12:59:35
554312,6774,73221,559112748,1,2023-11-12 01:58:04,2023-11-19 01:58:04
294541,5587,63518,929341385,1,2023-11-19 04:22:58,2023-11-26 04:22:58
263325,6217,99627,221287745,1,2023-11-18 19:17:47,2023-11-25 19:17:47
666813,4198,11491,113243819,1,2023-11-20 10:56:46,2023-11-27 10:56:46
256144,4979,65384,368442464,2,2023-11-19 18:15:52,2023-11-26 18:15:52
163326,1624,26351,774512172,2,2023-11-21 12:01:53,2023-11-28 12:01:53
678855,4123,92265,787545174,1,2023-11-20 09:47:11,2023-11-27 09:47:11
654414,4524,33378,332354487,1,2023-11-16 12:05:40,2023-11-23 12:05:40
932743,5856,56418,958883767,2,2023-11-20 22:15:48,2023-11-27 22:15:48
443216,2992,32399,548999753,1,2023-11-17 06:29:16,2023-11-24 06:29:16
661915,5892,47385,944297626,2,2023-11-24 19:24:13,2023-12-01 19:24:13
112992,4977,56418,557327165,2,2023-11-18 10:31:18,2023-11-25 10:31:18
556932,1863,39981,818215383,1,2023-11-17 19:25:38,2023-11-24 19:25:38
283159,6887,68964,887614977,1,2023-11-21 19:21:01,2023-11-28 19:21:01
268459,5493,11463,618386777,2,2023-11-19 09:21:10,2023-11-26 09:21:10
238187,5567,43446,231584368,2,2023-11-18 21:34:56,2023-11-25 21:34:56
455983,9278,64479,348978556,2,2023-11-23 20:44:08,2023-11-30 20:44:08
166718,7571,13214,476858978,1,2023-11-25 00:58:43,2023-12-02 00:58:43
269138,4589,32571,987519394,2,2023-11-21 21:00:56,2023-11-28 21:00:56
499668,1676,58284,685584625,2,2023-11-29 08:59:56,2023-12-06 08:59:56
338795,6454,79473,934725156,1,2023-11-27 09:30:28,2023-12-04 09:30:28
226455,4712,47886,391314266,2,2023-11-22 23:10:48,2023-11-29 23:10:48
738538,3284,84828,929563849,2,2023-11-26 10:55:54,2023-12-03 10:55:54
581699,1675,26351,258756394,1,2023-11-27 16:11:52,2023-12-04 16:11:52
317228,9298,43351,912645829,1,2023-11-30 21:32:00,2023-12-07 21:32:00
334181,4745,46412,473124555,1,2023-11-24 19:46:38,2023-12-01 19:46:38
228419,2688,53697,662163615,1,2023-11-21 23:14:42,2023-11-28 23:14:42
253698,2591,39981,896178589,1,2023-11-29 03:26:23,2023-12-06 03:26:23
187827,7173,63518,314396619,1,2023-11-22 22:34:43,2023-11-29 22:34:43
392496,5685,94514,778583158,1,2023-11-28 19:15:51,2023-12-05 19:15:51
487472,4155,61173,981688535,1,2023-11-24 04:53:30,2023-12-01 04:53:30
825476,4132,62219,299831193,2,2023-11-29 10:10:23,2023-12-06 10:10:23
167289,1992,19432,774883358,1,2023-11-24 21:40:17,2023-12-01 21:40:17
365921,3994,36553,492974235,1,2023-11-24 03:18:32,2023-12-01 03:18:32
533316,2144,14519,795715793,2,2023-11-24 00:04:50,2023-12-01 00:04:50
359124,2276,46412,779594342,2,2023-12-03 03:37:23,2023-12-10 03:37:23
626476,3831,64485,573988662,2,2023-11-27 08:51:02,2023-12-04 08:51:02
175866,7255,56598,153447663,1,2023-12-01 13:58:28,2023-12-08 13:58:28
956399,1264,43144,349386281,2,2023-11-28 12:06:40,2023-12-05 12:06:40
724532,1655,82868,689541315,2,2023-12-01 13:50:14,2023-12-08 13:50:14
885694,8136,61524,743497911,2,2023-11-27 19:02:12,2023-12-04 19:02:12
374563,8843,19648,749422583,2,2023-12-03 16:59:59,2023-12-10 16:59:59
547548,2761,22417,346127221,2,2023-12-02 06:29:59,2023-12-09 06:29:59
647933,8768,72852,274929283,1,2023-12-02 01:03:43,2023-12-09 01:03:43
997488,5456,98766,153141331,1,2023-12-01 17:32:44,2023-12-08 17:32:44
188853,4114,65773,328685253,2,2023-12-07 10:29:57,2023-12-14 10:29:57
331711,9534,61574,817457376,1,2023-12-01 13:02:28,2023-12-08 13:02:28
966248,3884,28141,563565865,1,2023-12-04 23:37:58,2023-12-11 23:37:58
153431,1143,58834,367126716,2,2023-12-03 00:18:42,2023-12-10 00:18:42
644975,2741,47412,382281967,1,2023-12-05 12:40:48,2023-12-12 12:40:48
824852,2515,97687,391669757,1,2023-12-01 12:44:06,2023-12-08 12:44:06
713421,8912,26311,395627428,2,2023-12-03 11:10:56,2023-12-10 11:10:56
243396,8319,11331,397728765,2,2023-12-06 07:52:06,2023-12-13 07:52:06
594615,7869,11692,519758891,2,2023-12-08 23:30:59,2023-12-15 23:30:59
944986,9414,91122,449582236,2,2023-12-07 13:40:59,2023-12-14 13:40:59
511733,2325,62543,714768174,1,2023-12-03 19:57:48,2023-12-10 19:57:48
986636,3832,37336,895269599,1,2023-12-04 02:24:42,2023-12-11 02:24:42
219146,2627,22335,197352754,1,2023-12-14 21:13:29,2023-12-21 21:13:29
994552,8868,14924,441776277,1,2023-12-09 15:55:29,2023-12-16 15:55:29
594878,7175,66568,755973911,1,2023-12-07 17:47:23,2023-12-14 17:47:23
741923,3321,98223,629326931,2,2023-12-14 05:02:05,2023-12-21 05:02:05
641614,6169,65422,648833757,2,2023-12-16 01:19:53,2023-12-23 01:19:53
382131,6457,58623,618928774,2,2023-12-14 06:41:47,2023-12-21 06:41:47
921217,1262,58623,618928774,2,2023-12-12 21:19:20,2023-12-19 21:19:20
756117,9923,44192,885514915,1,2023-12-10 08:31:37,2023-12-17 08:31:37
876379,8449,82774,672324192,2,2023-12-11 04:05:00,2023-12-18 04:05:00
742286,5727,22746,446971786,2,2023-12-14 07:15:45,2023-12-21 07:15:45
853197,8413,62543,539443727,2,2023-12-12 03:08:44,2023-12-19 03:08:44
492659,6518,17775,823938898,1,2023-12-19 04:23:10,2023-12-26 04:23:10
786187,7295,22339,752665932,1,2023-12-11 01:23:14,2023-12-18 01:23:14
752517,9999,99741,645118827,2,2023-12-11 14:35:33,2023-12-18 14:35:33
524756,8941,74494,518943156,2,2023-12-15 08:22:10,2023-12-22 08:22:10
368422,8877,97937,656391949,2,2023-12-14 22:40:33,2023-12-21 22:40:33
853586,1328,23273,488198553,2,2023-12-13 17:09:35,2023-12-20 17:09:35
435237,2464,97562,843555285,1,2023-12-14 11:37:51,2023-12-21 11:37:51
459434,2539,91748,525787291,2,2023-12-19 01:19:45,2023-12-26 01:19:45
793397,1599,21838,545591528,1,2023-12-15 20:14:58,2023-12-22 20:14:58
476186,8222,52176,155379939,2,2023-12-14 02:49:55,2023-12-21 02:49:55
239599,3649,26162,793258466,2,2023-12-13 22:03:05,2023-12-20 22:03:05
819215,1817,42299,534564165,1,2023-12-21 18:20:49,2023-12-28 18:20:49
739691,2711,11817,268432248,1,2023-12-26 08:33:07,2024-01-02 08:33:07
221131,6969,84925,742783379,2,2023-12-15 12:16:36,2023-12-22 12:16:36
327715,7171,67713,989918163,2,2023-12-18 05:47:04,2023-12-25 05:47:04
648941,3314,52939,846243265,1,2023-12-19 05:08:28,2023-12-26 05:08:28
469494,5565,56186,651968169,2,2023-12-16 01:17:07,2023-12-23 01:17:07
499957,8294,39231,639113488,2,2023-12-19 05:15:51,2023-12-26 05:15:51
942955,6182,68335,897649739,1,2023-12-24 09:07:10,2023-12-31 09:07:10
669353,4657,22392,471655281,2,2023-12-19 17:42:19,2023-12-26 17:42:19
325639,7532,82348,485358645,1,2023-12-19 11:14:20,2023-12-26 11:14:20
463592,1781,28399,873289142,2,2023-12-19 00:21:25,2023-12-26 00:21:25
931428,7339,68775,167589692,1,2023-12-20 09:38:14,2023-12-27 09:38:14
889375,9124,42597,317637114,1,2023-12-22 08:11:34,2023-12-29 08:11:34
147199,2954,62543,446517681,2,2023-12-26 03:40:45,2024-01-02 03:40:45
312361,1199,22177,382316917,2,2023-12-22 15:57:12,2023-12-29 15:57:12
123564,4159,18885,378838398,1,2023-12-21 00:08:02,2023-12-28 00:08:02
879189,8194,56186,822277217,1,2023-12-23 19:18:05,2023-12-30 19:18:05
986774,4718,34672,663167464,1,2023-12-25 20:51:40,2024-01-01 20:51:40
444732,2348,34672,663167464,1,2023-12-22 02:44:09,2023-12-29 02:44:09
268794,2926,43969,147681978,2,2023-12-25 09:31:32,2024-01-01 09:31:32
671176,9768,68775,825199882,1,2023-12-23 19:55:18,2023-12-30 19:55:18
443724,5354,84337,595768311,1,2023-12-31 06:18:22,2024-01-07 06:18:22
135798,2416,46815,431226216,2,2023-12-24 15:39:45,2023-12-31 15:39:45
747233,8142,81244,863884939,1,2023-12-25 00:41:00,2024-01-01 00:41:00
925179,2944,63783,592268245,2,2023-12-25 21:45:31,2024-01-01 21:45:31
819392,6511,24956,814537552,2,2024-01-02 20:56:26,2024-01-09 20:56:26
876156,2544,23114,571252496,1,2024-01-03 23:20:47,2024-01-10 23:20:47
357199,6911,93728,611892171,2,2023-12-29 12:03:05,2024-01-05 12:03:05
519879,2449,18885,482958996,1,2023-12-29 05:46:57,2024-01-05 05:46:57
575545,5114,69399,298614526,2,2024-01-01 21:22:32,2024-01-08 21:22:32
496186,5436,69399,298614526,2,2024-01-03 22:23:08,2024-01-10 22:23:08
435727,8652,78318,981817321,2,2023-12-30 12:05:20,2024-01-06 12:05:20
734346,9466,96112,342949381,1,2023-12-30 07:08:09,2024-01-06 07:08:09
577113,3227,38835,381397839,2,2024-01-04 14:15:00,2024-01-11 14:15:00
765262,2561,97551,256656237,2,2024-01-12 10:31:16,2024-01-19 10:31:16
854264,1524,54339,159521843,1,2024-01-02 23:39:15,2024-01-09 23:39:15
836643,3764,37174,349255519,2,2024-01-08 02:27:47,2024-01-15 02:27:47
823224,6678,24956,262317488,2,2023-12-31 16:05:48,2024-01-07 16:05:48
318286,6293,79178,119951681,2,2024-01-01 08:56:06,2024-01-08 08:56:06
