loan_id,user_id,book_id,book_availability_id,total_copies,loan_date,due_date,return_date
2614972,6916,18436,472641749,1,2023-01-01 12:22:45,2023-01-15 12:22:45,2023-01-04 15:18:53
7776825,7927,44278,589444432,2,2023-01-01 14:19:20,2023-01-15 14:19:20,2023-01-12 09:47:22
2852953,4673,63816,671479821,1,2023-01-02 00:35:01,2023-01-16 00:35:01,2023-01-14 17:00:34
3783785,5572,17535,738628287,1,2023-01-02 09:29:22,2023-01-16 09:29:22,2023-01-04 08:21:03
3863338,3293,43683,568181677,1,2023-01-02 09:31:47,2023-01-16 09:31:47,2023-01-03 11:50:00
3492277,3258,92211,661627379,1,2023-01-02 18:45:36,2023-01-16 18:45:36,2023-01-09 04:15:16
5826646,9474,58415,863499276,1,2023-01-03 04:12:46,2023-01-17 04:12:46,2023-01-16 21:42:15
8691571,3335,25625,397759881,2,2023-01-03 07:11:07,2023-01-17 07:11:07,2023-01-13 10:49:37
7439844,5699,74723,157776522,1,2023-01-03 11:45:50,2023-01-17 11:45:50,2023-01-06 03:55:23
3167557,2549,57342,882934972,2,2023-01-03 16:29:53,2023-01-17 16:29:53,2023-01-10 06:23:43
3849815,4515,93785,889699874,1,2023-01-03 19:53:48,2023-01-17 19:53:48,2023-01-12 01:43:47
8228367,8552,76128,645532871,2,2023-01-04 03:58:39,2023-01-18 03:58:39,2023-01-05 09:33:56
9574453,7557,76126,633725253,2,2023-01-04 06:14:06,2023-01-18 06:14:06,2023-01-14 00:59:25
8884751,5192,14859,716444722,2,2023-01-05 11:42:44,2023-01-19 11:42:44,2023-01-18 04:40:58
6345678,9646,83241,615211321,1,2023-01-05 15:03:29,2023-01-19 15:03:29,2023-01-18 00:39:15
9437836,3163,87286,454979869,1,2023-01-06 05:20:53,2023-01-20 05:20:53,2023-01-18 23:03:14
6651742,5966,58631,768647484,2,2023-01-06 17:34:56,2023-01-20 17:34:56,2023-01-19 02:44:44
1944443,7999,31148,574574187,1,2023-01-06 19:18:27,2023-01-20 19:18:27,2023-01-10 14:37:34
9881553,9556,94939,635781455,2,2023-01-07 04:26:44,2023-01-21 04:26:44,2023-01-15 13:15:24
3663383,7725,78998,239951229,2,2023-01-07 17:59:43,2023-01-21 17:59:43,2023-01-13 13:30:47
2643674,2384,42148,694191578,1,2023-01-08 18:41:32,2023-01-22 18:41:32,2023-01-13 08:13:49
7436281,7476,89232,451163873,1,2023-01-08 21:02:37,2023-01-22 21:02:37,2023-01-19 15:07:40
7885283,3334,27946,256351659,2,2023-01-09 15:55:57,2023-01-23 15:55:57,2023-01-12 14:31:36
9742628,4178,83951,254748497,1,2023-01-09 15:58:53,2023-01-23 15:58:53,2023-01-19 10:24:04
5752119,7319,95353,461692367,2,2023-01-10 02:18:18,2023-01-24 02:18:18,2023-01-20 23:46:46
1298487,5966,58631,693798935,2,2023-01-10 06:02:23,2023-01-24 06:02:23,2023-01-16 11:55:42
4912421,2189,23673,532123338,1,2023-01-10 14:43:12,2023-01-24 14:43:12,2023-01-13 11:31:54
9777224,7319,95353,869943923,2,2023-01-10 21:35:01,2023-01-24 21:35:01,2023-01-16 00:15:27
2273248,8394,87817,321199521,2,2023-01-11 15:24:08,2023-01-25 15:24:08,2023-01-16 01:26:37
6765487,6638,31429,654357361,2,2023-01-11 19:43:24,2023-01-25 19:43:24,2023-01-23 10:33:03
6148858,8552,76128,412287772,2,2023-01-12 15:22:24,2023-01-26 15:22:24,2023-01-19 20:07:08
1462754,8533,61769,732263137,1,2023-01-12 16:44:51,2023-01-26 16:44:51,2023-01-22 19:01:14
1712153,3765,74329,299345577,2,2023-01-12 17:13:15,2023-01-26 17:13:15,2023-01-19 12:15:22
7114685,3549,36864,838499547,2,2023-01-13 01:57:53,2023-01-27 01:57:53,2023-01-24 09:15:08
7396142,2192,24997,433979683,1,2023-01-13 05:19:03,2023-01-27 05:19:03,2023-01-20 09:43:50
8254415,1841,14637,566294395,2,2023-01-14 12:58:41,2023-01-28 12:58:41,2023-01-26 01:57:55
9664346,8356,58743,497317365,2,2023-01-14 18:58:53,2023-01-28 18:58:53,2023-01-27 11:17:49
8434349,8263,28975,587982693,1,2023-01-14 21:41:40,2023-01-28 21:41:40,2023-01-26 02:27:24
3765682,5685,18739,117684356,2,2023-01-15 00:15:02,2023-01-29 00:15:02,2023-01-25 17:44:10
9239166,1841,14637,663993389,2,2023-01-16 02:16:53,2023-01-30 02:16:53,2023-01-27 02:56:11
3333378,4178,83951,719331318,2,2023-01-16 04:27:49,2023-01-30 04:27:49,2023-01-21 02:06:08
2962421,7319,95353,763192153,2,2023-01-16 08:20:16,2023-01-30 08:20:16,2023-01-19 12:10:44
9575339,4769,51734,191594135,2,2023-01-16 21:30:12,2023-01-30 21:30:12,2023-01-24 18:25:13
4493186,4699,89365,496948663,1,2023-01-17 10:55:30,2023-01-31 10:55:30,2023-01-24 03:45:12
6193618,5445,85459,329496298,1,2023-01-18 00:39:16,2023-02-01 00:39:16,2023-01-21 10:00:40
3983864,2977,63371,746978932,1,2023-01-18 19:36:37,2023-02-01 19:36:37,2023-01-20 05:01:50
5338675,3456,82644,758335653,2,2023-01-19 01:07:50,2023-02-02 01:07:50,2023-01-22 05:15:30
4436946,6916,18436,394887578,2,2023-01-19 07:07:10,2023-02-02 07:07:10,2023-01-21 18:59:21
5683712,9745,73131,168766732,1,2023-01-19 09:29:21,2023-02-02 09:29:21,2023-02-01 14:34:43
7979869,8341,35649,267949377,1,2023-01-20 08:45:07,2023-02-03 08:45:07,2023-01-28 07:46:54
2918356,8356,58743,798574316,2,2023-01-20 21:13:45,2023-02-03 21:13:45,2023-01-25 20:47:03
8737436,2372,89142,117168615,2,2023-01-21 10:09:24,2023-02-04 10:09:24,2023-02-03 02:38:12
3779128,3263,98224,445654759,1,2023-01-22 04:00:42,2023-02-05 04:00:42,2023-01-31 23:11:24
4666685,9426,15828,852191187,1,2023-01-22 15:51:30,2023-02-05 15:51:30,2023-02-02 02:58:59
4999419,9556,94939,227395552,1,2023-01-23 20:11:51,2023-02-06 20:11:51,2023-02-06 13:08:13
6765212,7455,76815,963845356,1,2023-01-23 22:08:25,2023-02-06 22:08:25,2023-01-25 22:07:08
2675872,1263,66842,883818464,1,2023-01-24 03:56:57,2023-02-07 03:56:57,2023-02-05 02:42:49
6872831,4673,63816,566896387,2,2023-01-24 04:49:05,2023-02-07 04:49:05,2023-01-27 19:34:11
8925799,6736,72647,114183557,2,2023-01-24 14:21:27,2023-02-07 14:21:27,2023-01-26 21:47:12
2277163,5626,15465,914712799,1,2023-01-25 02:18:57,2023-02-08 02:18:57,2023-01-29 15:31:10
7288193,6629,22321,372997957,2,2023-01-25 09:35:54,2023-02-08 09:35:54,2023-01-31 15:05:17
4973931,2549,57342,247294823,1,2023-01-25 13:17:58,2023-02-08 13:17:58,2023-02-04 22:48:44
1824164,2279,63141,641173839,2,2023-01-25 20:31:25,2023-02-08 20:31:25,2023-02-08 03:42:25
8865777,3465,57231,552644995,1,2023-01-26 10:51:18,2023-02-09 10:51:18,2023-02-03 23:23:29
7886544,1263,66842,978579683,1,2023-01-27 13:51:08,2023-02-10 13:51:08,2023-01-31 18:22:30
6875774,6348,77652,629649176,1,2023-01-27 16:44:55,2023-02-10 16:44:55,2023-02-07 04:19:59
3957375,2675,76524,341368939,1,2023-01-27 17:02:39,2023-02-10 17:02:39,2023-01-30 19:07:19
2725254,8328,53539,784863362,2,2023-01-28 15:19:58,2023-02-11 15:19:58,2023-02-07 12:33:55
3725823,3334,27946,629312386,1,2023-01-28 18:37:37,2023-02-11 18:37:37,2023-02-03 20:13:29
8254499,5131,74179,651933329,1,2023-01-29 01:38:08,2023-02-12 01:38:08,2023-02-06 11:17:33
9891743,4178,83951,357257558,2,2023-01-29 05:26:46,2023-02-12 05:26:46,2023-01-31 12:50:02
8432154,4386,65395,133641797,2,2023-01-29 20:07:05,2023-02-12 20:07:05,2023-02-01 20:22:07
1351712,2549,57342,172618441,1,2023-01-30 09:17:55,2023-02-13 09:17:55,2023-02-10 01:54:00
1586828,7455,76815,743366332,1,2023-01-30 12:39:44,2023-02-13 12:39:44,2023-02-09 01:55:20
5914459,9952,15646,731471214,2,2023-01-31 00:11:59,2023-02-14 00:11:59,2023-02-13 06:19:15
1817314,9998,47425,484671389,2,2023-01-31 03:21:02,2023-02-14 03:21:02,2023-02-10 01:05:34
9583114,3456,82644,136159626,2,2023-01-31 19:37:18,2023-02-14 19:37:18,2023-02-08 20:01:50
2166868,6265,98747,976775779,2,2023-02-01 01:22:56,2023-02-15 01:22:56,2023-02-06 14:27:52
2996128,5777,98232,494955675,1,2023-02-01 06:09:10,2023-02-15 06:09:10,2023-02-03 18:24:43
8144215,6912,63185,632651898,2,2023-02-01 10:41:26,2023-02-15 10:41:26,2023-02-15 04:16:41
5919659,8568,48526,734759765,1,2023-02-01 16:02:38,2023-02-15 16:02:38,2023-02-03 08:40:55
8836925,4686,18183,448822768,2,2023-02-01 17:50:56,2023-02-15 17:50:56,2023-02-11 08:55:58
5413115,3372,46435,639238955,2,2023-02-02 02:27:00,2023-02-16 02:27:00,2023-02-04 23:12:26
3494222,7883,11147,324544398,1,2023-02-02 04:35:57,2023-02-16 04:35:57,2023-02-11 06:29:07
2512494,1114,52498,329756164,1,2023-02-02 12:38:38,2023-02-16 12:38:38,2023-02-14 03:41:31
5442455,6293,15439,629131251,1,2023-02-03 05:33:57,2023-02-17 05:33:57,2023-02-06 15:17:35
3275486,1114,52498,624921743,1,2023-02-03 08:09:47,2023-02-17 08:09:47,2023-02-11 00:49:49
5682743,6757,62926,976839128,1,2023-02-03 20:52:27,2023-02-17 20:52:27,2023-02-15 04:40:34
9587853,6487,24474,327174457,2,2023-02-03 22:18:54,2023-02-17 22:18:54,2023-02-05 18:55:42
4761227,5692,51612,569353119,1,2023-02-04 05:43:59,2023-02-18 05:43:59,2023-02-08 23:33:41
5238843,7256,38732,336735255,1,2023-02-04 11:53:53,2023-02-18 11:53:53,2023-02-14 08:30:10
7268149,1197,63787,262465115,2,2023-02-04 20:31:00,2023-02-18 20:31:00,2023-02-16 11:09:07
3955158,8447,23832,652411511,1,2023-02-05 21:59:34,2023-02-19 21:59:34,2023-02-08 19:41:26
2795495,9595,54216,491787387,1,2023-02-06 10:59:51,2023-02-20 10:59:51,2023-02-16 13:31:30
4773723,3588,24597,384172897,1,2023-02-06 21:12:58,2023-02-20 21:12:58,2023-02-20 17:38:09
2695434,3559,94551,931158613,2,2023-02-07 02:36:33,2023-02-21 02:36:33,2023-02-18 07:25:34
4894218,3991,82985,248597242,2,2023-02-07 03:47:06,2023-02-21 03:47:06,2023-02-12 15:56:14
5175329,5446,12864,186483387,1,2023-02-07 09:13:21,2023-02-21 09:13:21,2023-02-20 03:59:33
9764429,7925,18946,697733154,1,2023-02-07 10:52:57,2023-02-21 10:52:57,2023-02-11 18:01:28
4271829,4517,19451,328375777,2,2023-02-07 21:13:24,2023-02-21 21:13:24,2023-02-13 06:20:59
9123828,7842,15293,913766627,1,2023-02-08 08:53:33,2023-02-22 08:53:33,2023-02-21 19:19:43
7221591,4179,93217,516169244,2,2023-02-08 09:07:25,2023-02-22 09:07:25,2023-02-12 06:23:59
7458478,4973,39286,128752427,2,2023-02-09 17:30:09,2023-02-23 17:30:09,2023-02-22 05:12:55
4486555,4912,89547,842494185,1,2023-02-11 07:41:15,2023-02-25 07:41:15,2023-02-16 13:15:18
4746579,7396,39849,564892344,1,2023-02-11 23:24:38,2023-02-25 23:24:38,2023-02-16 04:57:52
4281371,8568,48526,135987925,2,2023-02-12 11:27:49,2023-02-26 11:27:49,2023-02-15 01:29:20
7948257,5866,18537,219725912,1,2023-02-12 13:47:05,2023-02-26 13:47:05,2023-02-18 19:40:02
5641456,5229,71579,813248561,1,2023-02-12 19:40:29,2023-02-26 19:40:29,2023-02-21 03:16:47
5866228,5777,98232,961556125,1,2023-02-13 01:20:35,2023-02-27 01:20:35,2023-02-25 04:34:05
9717871,4973,39286,645185832,2,2023-02-13 06:55:58,2023-02-27 06:55:58,2023-02-18 11:28:07
1317596,1946,64318,594533248,1,2023-02-13 10:37:54,2023-02-27 10:37:54,2023-02-23 02:24:32
9541986,9595,54216,252293955,1,2023-02-13 18:31:17,2023-02-27 18:31:17,2023-02-15 10:09:09
9444186,3335,57552,137524726,1,2023-02-14 17:00:59,2023-02-28 17:00:59,2023-02-17 08:16:30
4321372,2743,29676,125112129,2,2023-02-14 21:32:54,2023-02-28 21:32:54,2023-02-17 14:02:41
2135687,7327,56443,881681559,2,2023-02-15 04:59:24,2023-03-01 04:59:24,2023-02-25 04:44:53
9641928,3437,64247,744913684,2,2023-02-15 14:10:32,2023-03-01 14:10:32,2023-02-18 11:40:37
4459275,7256,38732,768927982,1,2023-02-16 04:43:55,2023-03-02 04:43:55,2023-03-01 18:04:34
3593375,4355,86196,287284592,2,2023-02-16 06:47:09,2023-03-02 06:47:09,2023-02-18 08:07:12
3828551,4355,86196,796493463,1,2023-02-16 11:00:17,2023-03-02 11:00:17,2023-02-24 09:19:01
6471693,2776,54787,439295728,2,2023-02-16 12:45:06,2023-03-02 12:45:06,2023-02-23 02:54:47
8828998,5386,75859,528627411,2,2023-02-17 16:13:49,2023-03-03 16:13:49,2023-02-25 15:32:02
9165393,1919,69979,426841821,2,2023-02-17 17:35:46,2023-03-03 17:35:46,2023-02-22 11:03:34
6235547,4763,16691,949427685,1,2023-02-18 06:33:37,2023-03-04 06:33:37,2023-03-03 14:55:39
1552272,2636,73639,292999178,2,2023-02-19 09:59:46,2023-03-05 09:59:46,2023-02-24 05:13:22
8617466,9357,59657,621596557,2,2023-02-20 07:45:06,2023-03-06 07:45:06,2023-02-23 01:47:25
5251935,7883,11147,632558332,1,2023-02-21 05:58:33,2023-03-07 05:58:33,2023-03-04 06:50:08
5617323,9859,87666,262195332,2,2023-02-21 08:57:13,2023-03-07 08:57:13,2023-02-23 19:54:01
6668442,6265,98747,499248988,2,2023-02-22 00:45:48,2023-03-08 00:45:48,2023-03-03 05:00:04
1917858,2189,66151,726911942,2,2023-02-22 05:46:20,2023-03-08 05:46:20,2023-03-07 07:42:58
9219682,5566,49427,699264388,2,2023-02-22 10:46:36,2023-03-08 10:46:36,2023-03-04 04:44:15
7223657,8284,32831,484289597,2,2023-02-22 12:29:11,2023-03-08 12:29:11,2023-03-05 11:23:31
4166372,6786,23816,179493137,2,2023-02-22 16:11:20,2023-03-08 16:11:20,2023-02-24 20:28:34
3688881,6957,36371,132376542,2,2023-02-22 22:24:49,2023-03-08 22:24:49,2023-03-02 23:07:03
1916213,4179,93217,773272119,2,2023-02-22 22:30:12,2023-03-08 22:30:12,2023-03-01 00:56:19
5695616,2842,97238,232796682,2,2023-02-23 12:55:53,2023-03-09 12:55:53,2023-02-27 18:53:57
3519588,6469,42969,845541591,2,2023-02-24 03:34:18,2023-03-10 03:34:18,2023-03-03 00:17:44
3266278,9374,79464,999657317,2,2023-02-24 06:52:33,2023-03-10 06:52:33,2023-03-03 20:15:32
8795845,6337,53265,945738122,2,2023-02-25 01:16:19,2023-03-11 01:16:19,2023-02-26 14:59:13
2679521,9859,87666,735362471,1,2023-02-25 23:16:42,2023-03-11 23:16:42,2023-03-06 03:48:08
4514548,4824,97656,736422888,2,2023-02-26 00:50:00,2023-03-12 00:50:00,2023-03-05 15:32:00
7255386,6265,98747,441513893,1,2023-02-26 00:54:31,2023-03-12 00:54:31,2023-03-08 05:29:18
9519933,8393,76499,944286672,1,2023-02-26 04:08:14,2023-03-12 04:08:14,2023-03-05 07:31:10
4389919,3372,46435,873794269,2,2023-02-26 06:26:20,2023-03-12 06:26:20,2023-02-27 18:11:00
3919462,6293,15439,845965245,1,2023-02-26 07:08:19,2023-03-12 07:08:19,2023-03-11 03:55:07
1323455,1862,74917,211392438,2,2023-02-26 13:25:05,2023-03-12 13:25:05,2023-03-04 09:11:35
5358251,8515,91598,275972548,2,2023-02-26 14:07:57,2023-03-12 14:07:57,2023-03-05 10:29:28
3978259,5276,87479,126772937,2,2023-02-26 15:31:30,2023-03-12 15:31:30,2023-03-02 03:28:50
7134221,2636,73639,648878623,1,2023-02-26 15:41:47,2023-03-12 15:41:47,2023-03-11 11:56:26
9962923,4763,16691,836938894,2,2023-02-27 06:28:12,2023-03-13 06:28:12,2023-03-07 12:20:40
9247882,9819,54926,874173279,1,2023-02-27 08:29:31,2023-03-13 08:29:31,2023-03-03 03:38:03
9569596,6757,62926,329263863,1,2023-02-27 15:02:14,2023-03-13 15:02:14,2023-03-07 15:01:25
2285271,7842,15293,259474357,2,2023-02-27 15:05:47,2023-03-13 15:05:47,2023-03-02 20:46:16
9814677,5168,49524,911532159,1,2023-02-27 22:16:21,2023-03-13 22:16:21,2023-03-02 00:22:25
9951961,8485,39343,117585872,2,2023-02-28 07:16:05,2023-03-14 07:16:05,2023-03-04 00:11:10
9349827,1946,64318,997885482,2,2023-02-28 07:49:10,2023-03-14 07:49:10,2023-03-08 15:12:50
3521226,2171,93721,491779468,2,2023-02-28 09:35:25,2023-03-14 09:35:25,2023-03-14 00:57:24
4738797,1134,39577,741491368,1,2023-03-01 18:10:46,2023-03-15 18:10:46,2023-03-15 09:13:53
8263859,8764,38813,575347911,1,2023-03-02 06:01:50,2023-03-16 06:01:50,2023-03-13 23:24:51
7878147,1841,65524,489265914,2,2023-03-03 05:40:41,2023-03-17 05:40:41,2023-03-17 01:03:58
7836787,7864,58394,354452927,2,2023-03-03 07:49:17,2023-03-17 07:49:17,2023-03-11 18:48:00
3739368,2746,61372,291551974,1,2023-03-03 20:47:03,2023-03-17 20:47:03,2023-03-14 10:05:51
4959514,3446,21582,877298854,2,2023-03-04 11:14:16,2023-03-18 11:14:16,2023-03-08 00:22:35
5995333,1341,59287,723595173,2,2023-03-04 12:36:48,2023-03-18 12:36:48,2023-03-12 12:16:06
1949868,9214,18548,922839229,1,2023-03-04 17:23:16,2023-03-18 17:23:16,2023-03-07 14:40:26
3691347,3975,96786,439364292,2,2023-03-05 06:33:38,2023-03-19 06:33:38,2023-03-12 04:55:14
4736778,9656,77931,817686528,2,2023-03-05 16:01:29,2023-03-19 16:01:29,2023-03-17 07:36:48
5271676,5331,95355,298123416,2,2023-03-05 19:07:49,2023-03-19 19:07:49,2023-03-19 10:48:49
9139539,8431,22894,256983112,1,2023-03-05 19:28:10,2023-03-19 19:28:10,2023-03-15 17:47:43
5242411,3889,75261,917958527,1,2023-03-05 21:50:40,2023-03-19 21:50:40,2023-03-12 20:10:00
4686895,4414,78212,129412851,1,2023-03-06 21:43:14,2023-03-20 21:43:14,2023-03-08 04:35:52
5948635,1881,71647,438285825,1,2023-03-06 22:23:36,2023-03-20 22:23:36,2023-03-08 20:48:12
3723864,7312,51961,652632871,1,2023-03-07 13:34:25,2023-03-21 13:34:25,2023-03-10 19:16:08
4258892,4494,71387,551763236,1,2023-03-08 01:38:22,2023-03-22 01:38:22,2023-03-10 01:03:34
2545331,5925,43947,711416146,2,2023-03-09 03:49:13,2023-03-23 03:49:13,2023-03-15 18:22:35
7346852,3324,87955,161682135,2,2023-03-09 04:03:10,2023-03-23 04:03:10,2023-03-18 05:47:01
5871573,1841,65524,184695497,1,2023-03-09 11:43:52,2023-03-23 11:43:52,2023-03-16 04:11:50
5972278,9859,97864,749276111,2,2023-03-09 15:55:50,2023-03-23 15:55:50,2023-03-14 10:40:05
7774529,7319,11419,457822743,1,2023-03-10 01:06:30,2023-03-24 01:06:30,2023-03-23 03:27:45
3595832,1174,55345,399441822,1,2023-03-10 03:27:09,2023-03-24 03:27:09,2023-03-18 11:36:35
9385936,2924,78485,292613846,2,2023-03-10 04:05:06,2023-03-24 04:05:06,2023-03-15 11:08:05
4719158,3452,81331,715994641,1,2023-03-10 06:46:28,2023-03-24 06:46:28,2023-03-20 07:39:08
6121972,7312,51961,851127652,1,2023-03-10 08:06:13,2023-03-24 08:06:13,2023-03-23 07:04:38
4798357,7319,11419,944759975,2,2023-03-10 12:58:07,2023-03-24 12:58:07,2023-03-17 10:16:51
5197572,6132,56415,339914763,1,2023-03-10 14:57:01,2023-03-24 14:57:01,2023-03-16 15:33:51
8682844,8261,12861,956983258,1,2023-03-10 22:07:27,2023-03-24 22:07:27,2023-03-23 06:29:29
7796846,6517,76291,177889273,1,2023-03-11 19:10:24,2023-03-25 19:10:24,2023-03-13 09:46:38
1556423,1489,25326,717522925,2,2023-03-12 11:41:46,2023-03-26 11:41:46,2023-03-23 04:28:55
5217455,3562,25311,124967827,1,2023-03-12 16:56:30,2023-03-26 16:56:30,2023-03-17 09:35:03
5143264,2975,78334,831847627,1,2023-03-12 17:45:06,2023-03-26 17:45:06,2023-03-18 17:47:45
7875397,5892,35878,476137897,1,2023-03-12 22:00:15,2023-03-26 22:00:15,2023-03-26 21:26:59
3427337,7312,51961,488473359,1,2023-03-13 05:52:04,2023-03-27 05:52:04,2023-03-19 01:18:37
8189358,2952,85686,229147946,2,2023-03-14 11:17:00,2023-03-28 11:17:00,2023-03-17 09:03:33
2991244,1341,59287,529371412,1,2023-03-14 15:10:15,2023-03-28 15:10:15,2023-03-27 09:36:45
3445915,9755,53769,812958661,2,2023-03-14 16:48:17,2023-03-28 16:48:17,2023-03-18 18:51:37
3674692,2832,94163,236411197,1,2023-03-14 23:55:41,2023-03-28 23:55:41,2023-03-26 05:07:00
7519366,5137,29163,924814175,2,2023-03-15 00:05:58,2023-03-29 00:05:58,2023-03-22 12:57:09
3785456,6768,18197,593821515,2,2023-03-15 02:12:04,2023-03-29 02:12:04,2023-03-28 05:08:37
9315394,2366,51287,537744261,1,2023-03-15 04:56:45,2023-03-29 04:56:45,2023-03-17 21:28:31
6941573,7937,78859,795252239,2,2023-03-15 06:12:34,2023-03-29 06:12:34,2023-03-21 14:29:01
6992775,2952,85686,715664442,1,2023-03-16 10:29:52,2023-03-30 10:29:52,2023-03-29 23:37:22
9667374,1283,69441,114158273,1,2023-03-16 13:04:13,2023-03-30 13:04:13,2023-03-23 19:57:57
5361423,4886,76181,746146371,1,2023-03-18 00:15:28,2023-04-01 00:15:28,2023-03-22 10:43:50
9496961,1177,81764,398393725,1,2023-03-18 19:48:43,2023-04-01 19:48:43,2023-03-21 16:23:17
9542678,1177,81764,477836894,2,2023-03-19 17:26:52,2023-04-02 17:26:52,2023-03-24 22:48:22
1198999,2397,52575,162979697,1,2023-03-19 23:45:50,2023-04-02 23:45:50,2023-03-28 09:18:49
9941339,8431,22894,871284474,1,2023-03-20 23:13:46,2023-04-03 23:13:46,2023-03-22 09:29:16
2114352,2552,12455,126264683,1,2023-03-22 16:39:56,2023-04-05 16:39:56,2023-03-26 08:46:06
8277762,6515,48725,666624739,1,2023-03-23 07:34:26,2023-04-06 07:34:26,2023-03-27 15:20:07
1494647,5614,22857,852581689,1,2023-03-23 10:53:13,2023-04-06 10:53:13,2023-04-03 10:29:14
9697413,1825,92852,766638753,1,2023-03-24 20:05:17,2023-04-07 20:05:17,2023-03-27 07:34:41
8517179,7171,24914,286538275,2,2023-03-25 11:41:20,2023-04-08 11:41:20,2023-04-06 05:34:10
2413278,8416,34287,559269794,2,2023-03-25 16:39:36,2023-04-08 16:39:36,2023-03-27 11:39:43
1361414,5331,95355,458438218,2,2023-03-26 12:28:06,2023-04-09 12:28:06,2023-04-03 04:32:30
2381992,6517,76291,476683488,1,2023-03-27 18:14:45,2023-04-10 18:14:45,2023-03-31 03:05:24
9762683,9119,71667,868563686,2,2023-03-28 01:16:42,2023-04-11 01:16:42,2023-04-04 06:08:39
7935766,1586,26377,267748155,1,2023-03-28 11:50:37,2023-04-11 11:50:37,2023-04-05 22:57:04
3675665,9841,19652,665674445,1,2023-03-28 12:11:23,2023-04-11 12:11:23,2023-04-03 17:32:59
9495365,5858,52939,846243265,1,2023-03-28 16:02:21,2023-04-11 16:02:21,2023-04-03 18:21:20
6545628,1775,41848,964991934,1,2023-03-28 17:38:47,2023-04-11 17:38:47,2023-04-02 08:58:00
1754738,9841,19652,428193891,2,2023-03-28 17:48:30,2023-04-11 17:48:30,2023-04-07 19:05:11
8292889,7366,95714,912965749,2,2023-03-29 00:29:47,2023-04-12 00:29:47,2023-04-02 10:35:51
2887491,4663,34159,678692933,2,2023-03-29 00:31:38,2023-04-12 00:31:38,2023-03-31 12:00:11
5268277,5243,44779,528985219,1,2023-03-29 04:05:31,2023-04-12 04:05:31,2023-03-30 15:12:50
1821686,5614,22857,632526596,1,2023-03-29 04:08:41,2023-04-12 04:08:41,2023-03-30 11:23:48
9566482,1363,58469,851122274,2,2023-03-29 04:48:43,2023-04-12 04:48:43,2023-04-01 05:45:00
7826487,1881,71647,782649929,2,2023-03-29 05:08:35,2023-04-12 05:08:35,2023-04-10 22:50:32
6243424,3315,77145,848715446,1,2023-03-29 18:40:48,2023-04-12 18:40:48,2023-04-11 20:50:59
4212583,9214,18548,866943671,2,2023-03-30 08:18:57,2023-04-13 08:18:57,2023-04-01 13:42:28
4725553,6879,88233,513441776,1,2023-03-30 10:42:59,2023-04-13 10:42:59,2023-04-01 04:09:50
2231962,5137,29163,958664185,2,2023-03-30 21:40:25,2023-04-13 21:40:25,2023-04-11 19:33:34
1719428,6882,33228,314245231,1,2023-03-31 02:52:34,2023-04-14 02:52:34,2023-04-02 18:48:20
6888252,8697,58743,497317365,2,2023-04-01 11:12:24,2023-04-15 11:12:24,2023-04-03 17:18:37
9952144,5912,93891,634744357,1,2023-04-01 13:58:50,2023-04-15 13:58:50,2023-04-12 18:06:50
6528939,5449,87136,812878596,1,2023-04-02 07:41:26,2023-04-16 07:41:26,2023-04-11 14:10:44
2715763,1573,93536,896969557,2,2023-04-03 00:39:37,2023-04-17 00:39:37,2023-04-05 08:39:10
3564688,1583,63312,471587753,2,2023-04-03 12:47:07,2023-04-17 12:47:07,2023-04-17 09:15:53
5184975,8519,15153,422612232,1,2023-04-03 23:04:30,2023-04-17 23:04:30,2023-04-10 04:43:43
5455443,8471,83951,719331318,2,2023-04-04 12:16:27,2023-04-18 12:16:27,2023-04-12 10:55:12
1641115,2774,21419,681442276,1,2023-04-04 15:01:08,2023-04-18 15:01:08,2023-04-09 14:15:38
6988421,7987,23431,679527358,2,2023-04-04 16:18:48,2023-04-18 16:18:48,2023-04-16 22:44:28
2741812,8471,83951,357257558,2,2023-04-05 00:17:34,2023-04-19 00:17:34,2023-04-15 19:24:41
7445562,6591,74297,474217332,2,2023-04-05 18:29:45,2023-04-19 18:29:45,2023-04-18 18:09:24
5751844,6299,61682,915135911,2,2023-04-05 23:41:18,2023-04-19 23:41:18,2023-04-08 15:10:02
6463125,1847,32526,463371259,2,2023-04-06 17:36:24,2023-04-20 17:36:24,2023-04-13 07:47:59
4225136,6356,11727,822418889,1,2023-04-07 06:12:26,2023-04-21 06:12:26,2023-04-19 01:16:01
4799442,8471,83951,254748497,1,2023-04-07 09:57:49,2023-04-21 09:57:49,2023-04-09 00:06:20
9566138,5613,75726,861328342,1,2023-04-08 09:16:09,2023-04-22 09:16:09,2023-04-09 18:25:54
6754186,3439,67815,376314525,2,2023-04-08 14:27:05,2023-04-22 14:27:05,2023-04-18 15:27:31
3783922,9662,51961,652632871,1,2023-04-08 14:59:36,2023-04-22 14:59:36,2023-04-16 23:23:51
1673768,8229,25432,641297962,2,2023-04-08 17:56:28,2023-04-22 17:56:28,2023-04-20 09:35:23
4325324,5971,26889,572794887,2,2023-04-09 00:16:56,2023-04-23 00:16:56,2023-04-11 17:28:45
1431978,8741,93845,694164767,1,2023-04-09 02:53:23,2023-04-23 02:53:23,2023-04-11 16:06:38
6855267,7913,37698,497946887,1,2023-04-09 04:07:31,2023-04-23 04:07:31,2023-04-15 22:26:10
9962434,2782,39373,976486195,1,2023-04-10 04:39:57,2023-04-24 04:39:57,2023-04-24 01:23:57
3458681,6852,65759,782993145,2,2023-04-10 09:26:51,2023-04-24 09:26:51,2023-04-22 22:53:28
2866132,5199,14654,528573461,1,2023-04-10 12:21:38,2023-04-24 12:21:38,2023-04-13 19:41:16
1279494,5912,93891,483742334,1,2023-04-11 14:15:01,2023-04-25 14:15:01,2023-04-23 10:19:04
5533566,5529,94314,531248493,1,2023-04-11 16:48:29,2023-04-25 16:48:29,2023-04-12 23:59:33
1478875,4534,63858,327471964,1,2023-04-12 11:43:22,2023-04-26 11:43:22,2023-04-16 12:08:39
3452344,2746,34594,835433795,2,2023-04-13 03:27:11,2023-04-27 03:27:11,2023-04-25 12:25:14
7533723,6898,33245,437775879,2,2023-04-13 23:07:58,2023-04-27 23:07:58,2023-04-26 05:54:51
1914141,2582,83291,585837734,1,2023-04-14 00:17:44,2023-04-28 00:17:44,2023-04-15 13:53:20
9713136,7942,89987,369715954,1,2023-04-14 01:13:05,2023-04-28 01:13:05,2023-04-26 03:25:02
4385417,1814,39598,151645873,1,2023-04-14 17:08:25,2023-04-28 17:08:25,2023-04-28 09:34:45
5391729,4481,65885,822296612,1,2023-04-14 19:03:56,2023-04-28 19:03:56,2023-04-23 21:27:37
6475125,5912,93891,359749382,2,2023-04-14 22:04:25,2023-04-28 22:04:25,2023-04-26 18:16:57
4266865,8994,32833,739659735,2,2023-04-15 09:25:27,2023-04-29 09:25:27,2023-04-17 17:23:16
6856732,5197,34249,917962479,2,2023-04-15 22:20:02,2023-04-29 22:20:02,2023-04-29 21:23:06
6312871,6898,33245,888753515,1,2023-04-16 11:41:06,2023-04-30 11:41:06,2023-04-27 04:48:42
6986393,6591,74297,981981462,2,2023-04-16 23:37:13,2023-04-30 23:37:13,2023-04-18 02:11:22
3457296,8339,97845,696261211,2,2023-04-17 12:20:54,2023-05-01 12:20:54,2023-04-30 23:11:42
2172822,8697,58743,798574316,2,2023-04-17 20:14:12,2023-05-01 20:14:12,2023-04-28 20:19:37
3652941,5516,57591,142795871,1,2023-04-18 15:21:54,2023-05-02 15:21:54,2023-04-28 02:07:12
2261149,2127,18935,474549874,2,2023-04-19 18:27:12,2023-05-03 18:27:12,2023-04-22 13:42:23
8564748,1214,56715,836342533,1,2023-04-19 21:22:31,2023-05-03 21:22:31,2023-04-22 04:32:40
7693193,7482,71779,379216952,2,2023-04-20 21:15:11,2023-05-04 21:15:11,2023-05-02 03:50:34
4368234,3562,68255,429451823,2,2023-04-21 05:24:56,2023-05-05 05:24:56,2023-04-28 23:02:46
8497747,1473,53199,836842239,1,2023-04-21 06:58:43,2023-05-05 06:58:43,2023-04-23 18:12:21
2568488,2227,87327,446854726,2,2023-04-21 17:58:28,2023-05-05 17:58:28,2023-04-27 04:58:15
6684228,2591,45176,111629968,1,2023-04-22 01:26:39,2023-05-06 01:26:39,2023-04-23 19:26:59
8114854,9538,71273,949435314,2,2023-04-22 16:10:05,2023-05-06 16:10:05,2023-05-02 15:58:45
3949769,5971,26889,395349494,2,2023-04-22 18:22:06,2023-05-06 18:22:06,2023-04-24 16:48:25
7712958,8229,25432,876138755,2,2023-04-23 02:24:32,2023-05-07 02:24:32,2023-05-01 10:21:49
4338234,1483,92445,198352921,1,2023-04-23 07:40:48,2023-05-07 07:40:48,2023-05-02 07:27:11
6676163,7965,24997,433979683,1,2023-04-23 09:29:15,2023-05-07 09:29:15,2023-04-29 03:23:15
7932645,2389,39947,694863492,2,2023-04-23 19:13:29,2023-05-07 19:13:29,2023-05-02 09:19:53
4637829,1547,16153,184832724,1,2023-04-23 21:05:30,2023-05-07 21:05:30,2023-05-03 19:47:01
2145943,9662,51961,488473359,1,2023-04-23 21:29:53,2023-05-07 21:29:53,2023-05-01 13:03:43
3822737,2389,39947,261287723,2,2023-04-23 21:41:43,2023-05-07 21:41:43,2023-05-01 19:24:40
8824479,4266,68453,234263646,2,2023-04-24 08:17:39,2023-05-08 08:17:39,2023-04-26 01:04:57
8468873,2782,39373,675988923,2,2023-04-24 20:44:48,2023-05-08 20:44:48,2023-05-03 00:07:54
5758929,6898,33245,894627121,2,2023-04-25 06:43:28,2023-05-09 06:43:28,2023-04-30 19:58:27
5218213,9429,11976,496467813,2,2023-04-25 10:35:46,2023-05-09 10:35:46,2023-05-09 08:58:48
2878569,9662,51961,851127652,1,2023-04-26 11:30:34,2023-05-10 11:30:34,2023-05-05 04:30:58
6476432,5346,96611,726144487,1,2023-04-26 13:44:39,2023-05-10 13:44:39,2023-05-06 23:56:19
4422155,1934,42744,322613595,2,2023-04-26 19:15:24,2023-05-10 19:15:24,2023-05-05 14:01:44
7756615,5199,14654,752536449,1,2023-04-26 21:53:48,2023-05-10 21:53:48,2023-05-09 05:45:41
1485779,8575,76155,742145946,2,2023-04-26 21:54:30,2023-05-10 21:54:30,2023-05-03 03:07:17
1315243,8836,17121,338242896,2,2023-04-27 06:57:56,2023-05-11 06:57:56,2023-05-05 18:04:50
8731628,7889,26713,386338198,2,2023-04-27 13:53:20,2023-05-11 13:53:20,2023-05-02 15:57:32
8422955,1814,39598,132475567,2,2023-04-27 20:08:15,2023-05-11 20:08:15,2023-05-04 17:11:47
4741739,9124,25213,681218744,1,2023-04-27 23:35:07,2023-05-11 23:35:07,2023-04-30 22:25:27
4863179,5364,36855,311952421,2,2023-04-28 00:17:21,2023-05-12 00:17:21,2023-05-10 22:55:03
8333997,5346,96611,349667224,1,2023-04-28 06:09:45,2023-05-12 06:09:45,2023-05-04 11:53:43
2687561,2133,19541,377156681,1,2023-04-28 21:25:41,2023-05-12 21:25:41,2023-05-05 17:13:04
5464722,1555,87895,634458761,2,2023-04-29 13:53:02,2023-05-13 13:53:02,2023-05-08 08:55:44
5537249,1144,19261,163932461,1,2023-04-29 17:10:03,2023-05-13 17:10:03,2023-04-30 20:32:37
6863155,4459,43926,997386756,1,2023-04-30 02:34:03,2023-05-14 02:34:03,2023-05-02 08:50:16
3397388,2591,45176,955185754,1,2023-04-30 03:30:23,2023-05-14 03:30:23,2023-05-02 01:27:28
6162558,8519,15153,214683198,2,2023-04-30 07:18:21,2023-05-14 07:18:21,2023-05-01 22:24:04
4124437,2423,88895,335728395,2,2023-05-01 00:03:26,2023-05-15 00:03:26,2023-05-14 19:27:54
3795883,9558,54135,339586254,1,2023-05-01 06:45:53,2023-05-15 06:45:53,2023-05-08 18:38:56
1113234,6649,68117,624173211,2,2023-05-01 08:15:19,2023-05-15 08:15:19,2023-05-05 18:16:46
8592933,8566,12483,333696652,1,2023-05-01 11:36:14,2023-05-15 11:36:14,2023-05-10 15:32:17
7943791,1726,36264,823644888,1,2023-05-01 15:46:22,2023-05-15 15:46:22,2023-05-04 20:37:02
5925597,1843,11463,618386777,2,2023-05-02 20:00:24,2023-05-16 20:00:24,2023-05-10 00:56:54
8273885,1945,48511,744152116,1,2023-05-04 07:44:15,2023-05-18 07:44:15,2023-05-13 19:44:04
5367576,9251,17666,587155864,1,2023-05-04 08:45:00,2023-05-18 08:45:00,2023-05-08 04:13:50
4167218,1592,69333,963138669,1,2023-05-04 20:30:48,2023-05-18 20:30:48,2023-05-07 09:46:29
9959229,8239,47358,927462643,1,2023-05-04 20:56:52,2023-05-18 20:56:52,2023-05-11 06:06:34
8724455,1699,44737,851293951,2,2023-05-04 22:58:13,2023-05-18 22:58:13,2023-05-13 05:59:27
1735955,2283,97682,151599859,2,2023-05-05 03:28:37,2023-05-19 03:28:37,2023-05-07 02:41:13
5153856,6422,61271,438944844,2,2023-05-05 05:07:04,2023-05-19 05:07:04,2023-05-12 11:38:49
8953647,5544,24685,728958417,2,2023-05-05 09:17:08,2023-05-19 09:17:08,2023-05-16 15:55:29
2975171,7279,48337,321776948,2,2023-05-05 21:02:40,2023-05-19 21:02:40,2023-05-07 01:04:08
9623621,4615,68932,941483315,2,2023-05-06 01:29:50,2023-05-20 01:29:50,2023-05-16 03:42:59
8914418,4615,68932,847768689,2,2023-05-06 10:05:11,2023-05-20 10:05:11,2023-05-19 22:35:37
8966211,2769,27827,117581538,2,2023-05-06 13:37:31,2023-05-20 13:37:31,2023-05-18 03:55:47
5493672,1636,96858,251859396,2,2023-05-06 13:42:00,2023-05-20 13:42:00,2023-05-16 07:21:01
8569163,3974,65159,177398768,1,2023-05-06 14:21:44,2023-05-20 14:21:44,2023-05-15 05:15:48
6615422,7172,63298,411658227,2,2023-05-06 14:21:55,2023-05-20 14:21:55,2023-05-15 09:51:41
2183999,5145,94375,351355753,1,2023-05-06 14:41:39,2023-05-20 14:41:39,2023-05-16 14:11:39
7698919,8918,74248,745288168,1,2023-05-07 11:02:06,2023-05-21 11:02:06,2023-05-08 11:02:52
3731891,4981,15731,338839432,2,2023-05-07 14:29:38,2023-05-21 14:29:38,2023-05-09 00:28:19
5384661,1699,44737,427862212,2,2023-05-07 21:19:36,2023-05-21 21:19:36,2023-05-18 23:40:40
7832334,4115,28232,786547659,2,2023-05-07 22:50:25,2023-05-21 22:50:25,2023-05-12 20:10:09
4611719,5511,54216,491787387,1,2023-05-08 05:30:59,2023-05-22 05:30:59,2023-05-20 00:42:24
6116234,9678,36139,255854411,1,2023-05-08 06:49:45,2023-05-22 06:49:45,2023-05-15 20:11:11
9546328,5231,36982,444793311,2,2023-05-08 09:54:13,2023-05-22 09:54:13,2023-05-11 10:36:34
8826817,1945,48511,476574621,1,2023-05-08 16:14:25,2023-05-22 16:14:25,2023-05-19 01:20:15
6825764,7282,29169,796237956,2,2023-05-08 18:34:50,2023-05-22 18:34:50,2023-05-13 17:24:23
3481163,8988,53581,913656512,2,2023-05-08 23:24:14,2023-05-22 23:24:14,2023-05-21 19:01:02
3543344,4115,28232,628452784,1,2023-05-09 01:16:59,2023-05-23 01:16:59,2023-05-20 02:54:33
2369155,2898,98981,796358313,2,2023-05-10 01:24:50,2023-05-24 01:24:50,2023-05-17 12:08:38
1124392,9145,22292,888676685,2,2023-05-10 22:51:35,2023-05-24 22:51:35,2023-05-17 17:56:12
7348569,1817,88859,654692675,1,2023-05-11 01:40:33,2023-05-25 01:40:33,2023-05-18 23:15:13
3311654,8868,79283,636946594,2,2023-05-11 16:00:34,2023-05-25 16:00:34,2023-05-24 01:43:50
2941358,9913,89464,799856191,1,2023-05-13 11:26:23,2023-05-27 11:26:23,2023-05-27 01:40:09
8313347,2358,81657,251612136,2,2023-05-13 12:29:30,2023-05-27 12:29:30,2023-05-19 00:14:50
2615543,8884,28792,114591633,2,2023-05-13 13:37:25,2023-05-27 13:37:25,2023-05-15 19:34:02
3977911,9369,56616,164628398,1,2023-05-13 18:40:33,2023-05-27 18:40:33,2023-05-23 00:05:53
9973494,7524,69638,333271161,1,2023-05-14 10:29:36,2023-05-28 10:29:36,2023-05-19 09:12:17
9842791,7279,48337,531117113,2,2023-05-17 08:36:08,2023-05-31 08:36:08,2023-05-24 05:52:30
3667925,5511,54216,252293955,1,2023-05-17 12:59:30,2023-05-31 12:59:30,2023-05-24 05:13:02
8134247,4615,68932,383478799,1,2023-05-17 15:19:20,2023-05-31 15:19:20,2023-05-26 11:52:46
4114982,4324,73134,222643874,1,2023-05-17 15:58:41,2023-05-31 15:58:41,2023-05-18 18:55:01
4931486,3756,23114,571252496,1,2023-05-19 15:53:06,2023-06-02 15:53:06,2023-05-20 16:41:00
1961639,2283,97682,824751673,2,2023-05-19 23:04:16,2023-06-02 23:04:16,2023-05-25 16:30:25
1631172,6229,95135,674484232,2,2023-05-21 15:34:34,2023-06-04 15:34:34,2023-05-30 17:32:59
1277915,9558,54135,759266838,2,2023-05-21 15:45:46,2023-06-04 15:45:46,2023-05-25 07:01:27
9566935,2898,98981,829565789,2,2023-05-22 09:30:13,2023-06-05 09:30:13,2023-05-29 15:46:34
8292778,2268,81778,636811711,2,2023-05-22 16:36:20,2023-06-05 16:36:20,2023-05-30 17:46:21
4223112,6377,49891,535915996,2,2023-05-23 00:33:53,2023-06-06 00:33:53,2023-06-01 18:26:27
1632684,1872,32118,488785188,1,2023-05-23 02:32:18,2023-06-06 02:32:18,2023-06-05 17:16:29
4931697,7998,94228,223123418,1,2023-05-23 04:43:40,2023-06-06 04:43:40,2023-05-24 05:47:37
7554761,1117,28297,661889665,2,2023-05-24 09:18:05,2023-06-07 09:18:05,2023-06-03 08:04:03
3429282,1726,36264,114938444,1,2023-05-24 11:16:52,2023-06-07 11:16:52,2023-05-31 01:29:04
1817112,4517,53852,672489649,2,2023-05-24 12:34:31,2023-06-07 12:34:31,2023-05-27 16:31:12
1362663,8883,71635,533783859,1,2023-05-24 20:40:51,2023-06-07 20:40:51,2023-06-03 16:00:36
8788792,5231,36982,786211511,2,2023-05-27 10:50:29,2023-06-10 10:50:29,2023-05-30 05:51:15
9848757,8933,16759,292762439,2,2023-05-27 18:40:05,2023-06-10 18:40:05,2023-05-29 13:45:05
8853749,5188,22795,353841322,2,2023-05-27 21:44:02,2023-06-10 21:44:02,2023-06-09 18:53:39
4987731,8326,28352,825972312,1,2023-05-27 21:44:21,2023-06-10 21:44:21,2023-05-29 08:13:37
5978922,7432,75239,763793894,2,2023-05-28 00:12:28,2023-06-11 00:12:28,2023-06-04 02:45:17
5183832,9274,75826,846874255,1,2023-05-28 04:51:03,2023-06-11 04:51:03,2023-05-31 09:37:40
3237446,5188,22795,842953753,1,2023-05-28 08:28:07,2023-06-11 08:28:07,2023-06-05 23:41:18
6618948,1758,68155,242368844,1,2023-05-28 16:35:17,2023-06-11 16:35:17,2023-05-29 18:41:20
5452968,3339,98341,265418997,1,2023-05-28 19:12:58,2023-06-11 19:12:58,2023-05-30 11:36:37
9821627,7332,64136,386848428,2,2023-05-29 20:05:30,2023-06-12 20:05:30,2023-05-31 10:58:57
5634891,8326,28352,533693944,1,2023-05-29 20:06:16,2023-06-12 20:06:16,2023-06-08 00:09:28
3639611,3832,54637,621911467,2,2023-05-30 05:38:10,2023-06-13 05:38:10,2023-06-09 23:35:58
1526389,4912,87895,634458761,2,2023-05-30 23:13:41,2023-06-13 23:13:41,2023-06-02 09:35:14
8747437,7163,84994,447244294,2,2023-05-31 08:30:30,2023-06-14 08:30:30,2023-06-02 09:41:11
2661127,9678,36139,689249786,1,2023-05-31 11:12:43,2023-06-14 11:12:43,2023-06-05 03:58:10
2591452,1954,19334,727188915,1,2023-05-31 15:48:10,2023-06-14 15:48:10,2023-06-09 21:32:54
9189975,1148,73116,117372815,1,2023-06-01 18:38:15,2023-06-15 18:38:15,2023-06-11 13:33:07
5464326,7424,39286,645185832,2,2023-06-01 22:29:45,2023-06-15 22:29:45,2023-06-10 02:47:14
4358933,7724,83651,732672922,1,2023-06-02 03:17:09,2023-06-16 03:17:09,2023-06-11 05:51:01
5329479,5238,69979,426841821,2,2023-06-02 11:23:41,2023-06-16 11:23:41,2023-06-15 10:00:15
5932343,9274,17928,434675862,2,2023-06-02 13:17:03,2023-06-16 13:17:03,2023-06-09 12:35:21
5785497,6436,18885,378838398,1,2023-06-02 13:28:38,2023-06-16 13:28:38,2023-06-14 03:45:58
2199791,8193,38959,897748123,2,2023-06-03 00:04:05,2023-06-17 00:04:05,2023-06-10 17:49:35
9356697,4359,15643,338155235,2,2023-06-03 08:33:35,2023-06-17 08:33:35,2023-06-10 01:22:01
6194976,3384,76186,964759597,2,2023-06-03 14:56:28,2023-06-17 14:56:28,2023-06-14 12:54:11
5356686,9689,85797,872755174,2,2023-06-03 15:58:50,2023-06-17 15:58:50,2023-06-16 04:38:42
1196764,8561,13421,442492392,2,2023-06-04 07:58:23,2023-06-18 07:58:23,2023-06-07 15:01:25
3469367,6581,62697,935359928,2,2023-06-05 01:35:47,2023-06-19 01:35:47,2023-06-15 23:27:37
3823792,1983,38372,541635532,1,2023-06-05 17:05:34,2023-06-19 17:05:34,2023-06-11 15:05:05
4452344,5394,93419,756875642,1,2023-06-06 09:38:43,2023-06-20 09:38:43,2023-06-18 01:30:45
7695928,3149,95484,652184618,1,2023-06-07 03:49:22,2023-06-21 03:49:22,2023-06-10 21:20:20
6368283,5224,56997,128742817,2,2023-06-07 06:44:09,2023-06-21 06:44:09,2023-06-19 19:07:04
6759112,1148,73116,158956477,1,2023-06-08 11:22:41,2023-06-22 11:22:41,2023-06-15 03:33:06
8561368,4446,81794,915617987,1,2023-06-08 12:09:21,2023-06-22 12:09:21,2023-06-21 07:36:09
7815536,4179,93494,325688964,2,2023-06-08 13:41:10,2023-06-22 13:41:10,2023-06-19 22:10:56
3213316,3622,67239,455567213,2,2023-06-09 04:14:08,2023-06-23 04:14:08,2023-06-16 23:37:11
7361132,6876,94294,429637578,2,2023-06-11 03:41:59,2023-06-25 03:41:59,2023-06-20 01:59:26
8726387,6739,88744,398982697,2,2023-06-11 08:51:33,2023-06-25 08:51:33,2023-06-16 14:40:44
5999435,9991,34212,775617783,2,2023-06-11 19:56:02,2023-06-25 19:56:02,2023-06-25 04:33:09
8559892,4492,99146,221284397,2,2023-06-12 07:54:22,2023-06-26 07:54:22,2023-06-24 17:22:31
5857756,1349,38238,436529564,2,2023-06-12 10:47:09,2023-06-26 10:47:09,2023-06-26 05:56:27
7379429,2478,27952,256364313,2,2023-06-12 19:53:47,2023-06-26 19:53:47,2023-06-17 12:53:12
5341175,2472,52688,677432848,1,2023-06-13 07:39:17,2023-06-27 07:39:17,2023-06-21 17:44:48
4228613,3673,17822,916931873,1,2023-06-13 16:51:20,2023-06-27 16:51:20,2023-06-16 03:10:24
5245265,4446,81794,627262595,2,2023-06-14 00:53:42,2023-06-28 00:53:42,2023-06-18 14:38:07
3878338,3414,11679,159914325,1,2023-06-14 07:15:18,2023-06-28 07:15:18,2023-06-19 02:18:25
6851529,3897,15877,639512243,1,2023-06-15 01:32:56,2023-06-29 01:32:56,2023-06-27 02:41:22
9385774,5336,16582,186986641,2,2023-06-15 17:56:15,2023-06-29 17:56:15,2023-06-17 16:55:31
4723776,3673,17822,788964586,2,2023-06-15 20:06:49,2023-06-29 20:06:49,2023-06-27 22:48:52
5339764,9465,38387,839912945,2,2023-06-15 20:53:28,2023-06-29 20:53:28,2023-06-24 13:12:56
6998326,6654,81661,783385282,1,2023-06-16 03:27:59,2023-06-30 03:27:59,2023-06-18 14:38:43
4942158,6249,53481,932225864,1,2023-06-16 04:24:18,2023-06-30 04:24:18,2023-06-29 04:16:34
9388197,1975,92118,812914588,2,2023-06-16 05:26:35,2023-06-30 05:26:35,2023-06-27 05:18:11
1498257,3141,52661,134271769,1,2023-06-17 05:30:27,2023-07-01 05:30:27,2023-06-27 14:46:35
8938616,4234,51741,358475855,2,2023-06-17 12:10:08,2023-07-01 12:10:08,2023-06-26 15:06:58
9924536,8839,49273,955367684,1,2023-06-17 12:40:33,2023-07-01 12:40:33,2023-06-28 20:05:06
7869482,2868,48267,486717836,2,2023-06-18 00:02:44,2023-07-02 00:02:44,2023-06-26 23:28:31
2259617,9274,17928,995811443,2,2023-06-18 17:18:11,2023-07-02 17:18:11,2023-06-20 20:49:42
2797689,6238,91747,418167276,2,2023-06-18 18:19:48,2023-07-02 18:19:48,2023-06-20 20:15:20
4712561,8452,35217,995127523,2,2023-06-19 11:16:42,2023-07-03 11:16:42,2023-06-24 23:55:36
9474438,4354,48597,646117857,1,2023-06-20 01:00:06,2023-07-04 01:00:06,2023-06-23 23:34:12
6996441,2828,17974,758539654,2,2023-06-20 20:20:55,2023-07-04 20:20:55,2023-06-26 16:15:47
1964941,5647,72577,479297248,1,2023-06-21 00:44:34,2023-07-05 00:44:34,2023-06-24 10:12:53
7579799,7672,33685,271579534,2,2023-06-21 11:22:46,2023-07-05 11:22:46,2023-06-26 08:02:07
4226747,8392,48184,149292448,2,2023-06-21 14:42:42,2023-07-05 14:42:42,2023-06-28 01:09:29
7617829,9235,56136,887712666,1,2023-06-21 21:06:25,2023-07-05 21:06:25,2023-06-28 00:26:40
6534857,3646,11362,939358147,1,2023-06-22 14:37:04,2023-07-06 14:37:04,2023-07-05 17:25:48
3762667,4635,93784,733233592,2,2023-06-23 19:22:24,2023-07-07 19:22:24,2023-07-01 04:04:45
1754956,2868,48267,657518958,2,2023-06-24 03:09:34,2023-07-08 03:09:34,2023-07-03 01:20:31
5548635,7298,48384,735632742,1,2023-06-24 22:05:35,2023-07-08 22:05:35,2023-06-30 18:49:13
1355319,2472,52688,369927628,2,2023-06-25 14:25:36,2023-07-09 14:25:36,2023-06-28 01:56:54
9282997,1137,52488,734829786,1,2023-06-25 14:55:50,2023-07-09 14:55:50,2023-07-05 13:36:49
5972729,8839,49273,957295969,1,2023-06-25 20:01:19,2023-07-09 20:01:19,2023-07-03 10:00:16
1881453,2417,81563,627628156,1,2023-06-25 22:04:39,2023-07-09 22:04:39,2023-07-02 21:33:51
7598477,9689,85797,489731815,1,2023-06-26 00:16:01,2023-07-10 00:16:01,2023-06-27 17:42:06
9813688,5257,13446,435186965,2,2023-06-27 05:13:07,2023-07-11 05:13:07,2023-07-04 01:54:12
8192693,4354,48597,823447315,1,2023-06-27 09:13:06,2023-07-11 09:13:06,2023-07-07 13:33:48
1842154,4492,99146,447391988,1,2023-06-27 12:42:37,2023-07-11 12:42:37,2023-07-02 15:41:44
9524698,7746,49492,189881355,1,2023-06-27 16:16:15,2023-07-11 16:16:15,2023-07-04 15:25:26
9849763,1613,17345,495711973,2,2023-06-27 19:14:34,2023-07-11 19:14:34,2023-07-03 03:48:26
2984228,3377,44698,718493377,2,2023-06-28 04:24:02,2023-07-12 04:24:02,2023-07-09 09:52:35
1359823,8229,43926,997386756,1,2023-06-28 09:42:25,2023-07-12 09:42:25,2023-07-05 20:25:47
6428338,1943,81299,661483154,2,2023-06-29 00:07:05,2023-07-13 00:07:05,2023-07-03 12:34:15
1139834,7672,33685,886542169,1,2023-06-29 00:35:39,2023-07-13 00:35:39,2023-06-30 09:26:43
8469794,2417,81563,582153966,2,2023-06-29 02:34:25,2023-07-13 02:34:25,2023-07-02 17:08:38
1538561,3646,11362,416178399,2,2023-06-29 11:02:42,2023-07-13 11:02:42,2023-07-06 20:39:04
3582631,6436,18885,482958996,1,2023-06-29 17:37:50,2023-07-13 17:37:50,2023-07-10 10:07:01
9123231,9572,21656,738936987,1,2023-06-29 20:48:06,2023-07-13 20:48:06,2023-07-10 19:55:59
3713626,7424,39286,128752427,2,2023-06-30 17:43:58,2023-07-14 17:43:58,2023-07-13 23:14:28
2391747,2725,68537,551653362,1,2023-06-30 21:42:31,2023-07-14 21:42:31,2023-07-02 17:00:37
5614584,1963,58567,963497546,1,2023-06-30 21:55:57,2023-07-14 21:55:57,2023-07-10 03:03:16
2316432,3223,45773,943451228,2,2023-07-01 09:32:29,2023-07-15 09:32:29,2023-07-10 08:29:05
1111479,7581,52956,482754946,1,2023-07-03 17:22:06,2023-07-17 17:22:06,2023-07-06 06:30:34
3671535,9742,29857,169987662,1,2023-07-03 22:42:00,2023-07-17 22:42:00,2023-07-17 13:30:03
1362673,1525,53639,787122126,2,2023-07-04 07:05:39,2023-07-18 07:05:39,2023-07-10 19:31:53
9266696,4326,26342,111822115,2,2023-07-04 13:04:41,2023-07-18 13:04:41,2023-07-16 21:54:51
4715474,3636,36364,598942797,1,2023-07-04 18:24:37,2023-07-18 18:24:37,2023-07-18 06:08:45
8625187,4444,48572,297265714,1,2023-07-05 03:18:21,2023-07-19 03:18:21,2023-07-14 14:55:20
4433321,7998,61746,249211384,2,2023-07-05 04:07:22,2023-07-19 04:07:22,2023-07-12 10:49:13
9185229,4495,57677,292312471,1,2023-07-06 07:33:01,2023-07-20 07:33:01,2023-07-08 00:43:16
6873658,1536,39869,562526351,1,2023-07-06 21:05:08,2023-07-20 21:05:08,2023-07-15 14:00:14
5764577,8393,65326,524664988,1,2023-07-08 07:29:52,2023-07-22 07:29:52,2023-07-14 04:56:44
8552798,2852,74539,783917582,1,2023-07-08 12:26:56,2023-07-22 12:26:56,2023-07-11 21:13:39
5564444,5161,82322,754979867,1,2023-07-09 08:52:17,2023-07-23 08:52:17,2023-07-16 14:56:27
1644916,1613,33581,917114464,2,2023-07-09 10:14:08,2023-07-23 10:14:08,2023-07-23 04:48:07
2393714,9591,56254,851439436,2,2023-07-09 18:17:55,2023-07-23 18:17:55,2023-07-15 07:42:27
6419856,6219,93919,921566659,2,2023-07-10 00:02:31,2023-07-24 00:02:31,2023-07-12 22:27:24
7617427,1787,41719,232984566,1,2023-07-10 02:13:17,2023-07-24 02:13:17,2023-07-20 03:28:49
9248486,1596,31917,479586435,1,2023-07-10 04:25:54,2023-07-24 04:25:54,2023-07-11 21:50:57
7642251,8577,24956,814537552,2,2023-07-10 09:18:58,2023-07-24 09:18:58,2023-07-11 18:35:08
1689161,5856,53126,779625528,1,2023-07-10 22:17:53,2023-07-24 22:17:53,2023-07-15 03:28:00
5835171,1595,74339,429486282,2,2023-07-11 19:35:43,2023-07-25 19:35:43,2023-07-16 09:00:24
5491172,2134,94368,129658362,2,2023-07-12 16:18:47,2023-07-26 16:18:47,2023-07-20 01:26:27
8568925,3934,52523,861915921,2,2023-07-12 19:44:15,2023-07-26 19:44:15,2023-07-26 10:18:25
8328962,6259,69312,879429743,1,2023-07-12 21:38:04,2023-07-26 21:38:04,2023-07-22 08:29:50
6776861,9546,24827,983478333,1,2023-07-12 22:27:24,2023-07-26 22:27:24,2023-07-15 01:03:09
2624832,3934,52523,884146242,1,2023-07-13 01:08:41,2023-07-27 01:08:41,2023-07-20 07:31:18
8738737,1596,31917,843165591,1,2023-07-13 04:41:34,2023-07-27 04:41:34,2023-07-14 10:59:36
4847268,5574,15755,281636299,2,2023-07-13 09:50:24,2023-07-27 09:50:24,2023-07-25 06:42:40
2683822,9829,45225,325852669,1,2023-07-13 10:58:32,2023-07-27 10:58:32,2023-07-17 06:06:22
5921788,5567,93782,823243177,1,2023-07-14 18:58:02,2023-07-28 18:58:02,2023-07-18 08:37:36
3912661,2119,81371,227252968,1,2023-07-14 20:36:57,2023-07-28 20:36:57,2023-07-18 02:45:24
6415339,5161,82322,261838229,2,2023-07-15 15:01:55,2023-07-29 15:01:55,2023-07-27 17:21:09
1412828,6997,51884,634771658,1,2023-07-16 08:13:33,2023-07-30 08:13:33,2023-07-29 05:48:27
1232546,1499,53851,833366771,1,2023-07-16 10:52:32,2023-07-30 10:52:32,2023-07-25 09:59:14
1427451,9145,89863,515928486,2,2023-07-16 11:08:18,2023-07-30 11:08:18,2023-07-19 10:15:32
6691864,4175,39438,635833128,1,2023-07-16 21:22:59,2023-07-30 21:22:59,2023-07-28 00:41:00
4679422,5943,42559,159161583,1,2023-07-16 22:02:00,2023-07-30 22:02:00,2023-07-29 20:36:37
6636115,4326,26342,972155272,2,2023-07-17 03:28:46,2023-07-31 03:28:46,2023-07-26 19:12:49
4685396,9214,55623,336523323,1,2023-07-17 08:00:20,2023-07-31 08:00:20,2023-07-23 11:42:25
1356773,4771,45642,267894312,2,2023-07-17 12:13:24,2023-07-31 12:13:24,2023-07-26 07:00:33
3718536,6191,38496,244441969,1,2023-07-18 06:27:13,2023-08-01 06:27:13,2023-07-26 03:46:31
9241379,1474,27436,466666215,2,2023-07-18 07:37:38,2023-08-01 07:37:38,2023-07-25 05:38:16
7564977,1525,53639,479754962,2,2023-07-18 15:56:03,2023-08-01 15:56:03,2023-07-23 20:00:16
5446145,4524,61379,869829323,1,2023-07-19 08:41:50,2023-08-02 08:41:50,2023-07-22 05:49:29
1927162,2237,81251,964769767,1,2023-07-19 15:52:11,2023-08-02 15:52:11,2023-07-29 07:36:22
4535982,6624,14438,119443551,2,2023-07-19 20:45:37,2023-08-02 20:45:37,2023-07-27 12:24:17
4864922,3636,36364,647731183,1,2023-07-20 01:31:20,2023-08-03 01:31:20,2023-07-30 13:04:01
8679183,3791,14835,621887215,1,2023-07-20 11:26:12,2023-08-03 11:26:12,2023-07-31 12:57:04
7441522,9934,72162,767511397,2,2023-07-20 14:22:26,2023-08-03 14:22:26,2023-07-29 08:37:25
7261675,9425,83224,651331527,2,2023-07-20 23:44:33,2023-08-03 23:44:33,2023-07-27 19:29:05
5616339,8999,87514,921987597,2,2023-07-21 02:12:19,2023-08-04 02:12:19,2023-07-30 17:54:55
5651373,2643,83737,838785449,2,2023-07-21 05:12:19,2023-08-04 05:12:19,2023-07-25 04:16:11
5311276,4483,63371,746978932,1,2023-07-21 08:38:12,2023-08-04 08:38:12,2023-07-28 09:29:00
6943412,5586,24754,621771726,2,2023-07-21 13:28:06,2023-08-04 13:28:06,2023-07-30 22:53:18
1999772,9559,63732,887663952,1,2023-07-21 14:12:24,2023-08-04 14:12:24,2023-07-31 18:50:46
7169415,8569,17887,134475766,2,2023-07-21 18:07:31,2023-08-04 18:07:31,2023-07-27 20:28:19
3132555,8999,87514,931336291,1,2023-07-21 23:03:05,2023-08-04 23:03:05,2023-08-02 01:29:50
7971342,6675,66592,927487331,2,2023-07-22 05:45:34,2023-08-05 05:45:34,2023-07-31 07:27:12
7646141,9546,24827,172454342,1,2023-07-22 10:44:29,2023-08-05 10:44:29,2023-07-29 10:22:19
9811738,5876,62589,827736446,1,2023-07-22 12:34:36,2023-08-05 12:34:36,2023-08-02 15:50:39
8278492,6321,78859,795252239,2,2023-07-22 13:37:55,2023-08-05 13:37:55,2023-07-30 17:37:01
2247567,3759,27773,852453984,1,2023-07-23 01:35:37,2023-08-06 01:35:37,2023-07-29 12:06:52
3675596,1536,39869,737519794,1,2023-07-23 14:50:33,2023-08-06 14:50:33,2023-07-24 16:41:38
8647724,2134,94368,888988397,2,2023-07-24 08:20:34,2023-08-07 08:20:34,2023-07-27 05:28:57
7912939,8577,24956,262317488,2,2023-07-24 23:35:06,2023-08-07 23:35:06,2023-07-26 21:10:51
8288348,4495,57677,192196173,1,2023-07-25 02:36:53,2023-08-08 02:36:53,2023-08-03 20:35:27
1684361,6796,16691,949427685,1,2023-07-26 10:37:25,2023-08-09 10:37:25,2023-07-27 16:42:59
1889746,4524,61379,469344893,1,2023-07-27 04:07:50,2023-08-10 04:07:50,2023-08-01 06:08:38
5577854,2632,77882,146941517,2,2023-07-28 14:11:27,2023-08-11 14:11:27,2023-07-30 11:38:42
4154827,9974,13955,342549382,1,2023-07-28 15:32:37,2023-08-11 15:32:37,2023-07-31 11:07:40
8336143,5586,24754,568425835,2,2023-07-28 23:36:47,2023-08-11 23:36:47,2023-08-06 21:59:16
7993247,2237,81251,247664682,1,2023-07-29 10:02:53,2023-08-12 10:02:53,2023-08-01 20:00:18
3411933,6796,16691,836938894,2,2023-07-29 10:47:09,2023-08-12 10:47:09,2023-07-31 07:02:13
1644266,4477,74197,979455933,1,2023-07-29 17:03:57,2023-08-12 17:03:57,2023-08-05 10:32:30
4485388,1596,31917,484465567,2,2023-07-30 22:53:07,2023-08-13 22:53:07,2023-08-02 13:01:25
4986373,4757,74863,676145783,2,2023-07-31 00:28:44,2023-08-14 00:28:44,2023-08-07 18:43:59
3654435,7535,19814,454651814,2,2023-07-31 23:48:51,2023-08-14 23:48:51,2023-08-12 15:08:27
2496326,7774,42319,359673183,2,2023-08-01 03:11:28,2023-08-15 03:11:28,2023-08-09 05:24:18
1618582,3326,12854,142675258,1,2023-08-01 04:57:36,2023-08-15 04:57:36,2023-08-09 17:02:52
1917991,8383,26691,455414516,1,2023-08-01 05:02:14,2023-08-15 05:02:14,2023-08-12 12:54:31
3525569,3723,83141,169826478,1,2023-08-01 21:26:53,2023-08-15 21:26:53,2023-08-08 15:58:50
3652377,3756,53963,244364558,1,2023-08-01 23:17:32,2023-08-15 23:17:32,2023-08-08 05:31:59
5861471,9838,38317,881653456,2,2023-08-02 05:36:03,2023-08-16 05:36:03,2023-08-07 00:31:38
4794274,7488,28677,464687282,2,2023-08-02 10:41:34,2023-08-16 10:41:34,2023-08-09 19:31:43
1333315,8383,26691,345957921,1,2023-08-03 03:08:18,2023-08-17 03:08:18,2023-08-08 12:00:36
3283218,4484,17134,288726489,1,2023-08-03 11:40:12,2023-08-17 11:40:12,2023-08-05 19:56:02
5294276,2677,87769,969196876,1,2023-08-03 14:02:09,2023-08-17 14:02:09,2023-08-13 19:32:00
3856462,2677,87769,729935791,1,2023-08-03 18:42:05,2023-08-17 18:42:05,2023-08-15 01:27:55
8725627,2124,77261,692228348,2,2023-08-03 20:37:00,2023-08-17 20:37:00,2023-08-17 17:24:55
4984548,6515,14383,683274628,1,2023-08-04 01:58:40,2023-08-18 01:58:40,2023-08-14 01:08:28
9724575,4425,58164,335874774,1,2023-08-04 04:50:14,2023-08-18 04:50:14,2023-08-15 06:15:55
2193313,9923,74347,927934378,2,2023-08-04 08:14:44,2023-08-18 08:14:44,2023-08-07 17:49:25
5849478,5236,72951,899495239,1,2023-08-05 05:49:26,2023-08-19 05:49:26,2023-08-13 10:24:46
7981247,8678,24493,497885287,1,2023-08-05 08:30:21,2023-08-19 08:30:21,2023-08-09 09:55:44
3434855,6435,42828,815783753,1,2023-08-05 15:55:53,2023-08-19 15:55:53,2023-08-10 10:26:12
7237431,8512,32615,191552276,2,2023-08-05 21:16:26,2023-08-19 21:16:26,2023-08-17 18:15:36
5334582,4993,82311,284666125,2,2023-08-06 21:03:48,2023-08-20 21:03:48,2023-08-09 09:24:31
2893492,8321,76871,597963618,2,2023-08-07 20:29:51,2023-08-21 20:29:51,2023-08-21 11:00:01
9992844,3848,16124,643369988,1,2023-08-08 11:48:11,2023-08-22 11:48:11,2023-08-13 10:27:55
6817579,8262,57836,642183815,2,2023-08-08 21:21:09,2023-08-22 21:21:09,2023-08-22 04:46:13
1993158,1765,69365,753989621,1,2023-08-08 23:37:35,2023-08-22 23:37:35,2023-08-18 15:49:47
8121947,8839,89236,634978244,2,2023-08-09 11:16:16,2023-08-23 11:16:16,2023-08-18 23:57:55
8115167,2976,26664,386861725,1,2023-08-09 12:09:48,2023-08-23 12:09:48,2023-08-22 08:18:08
3665744,4893,56698,186831266,1,2023-08-10 13:29:15,2023-08-24 13:29:15,2023-08-16 02:55:27
4141222,3661,77397,449468531,2,2023-08-12 18:25:57,2023-08-26 18:25:57,2023-08-25 23:59:59
4623278,8882,24487,284576972,2,2023-08-12 19:26:12,2023-08-26 19:26:12,2023-08-15 12:29:58
8259472,8424,28641,114768156,1,2023-08-13 02:45:15,2023-08-27 02:45:15,2023-08-22 02:43:30
4469371,5298,26229,752129439,2,2023-08-13 14:04:26,2023-08-27 14:04:26,2023-08-25 10:05:53
9934932,9221,86794,984834953,2,2023-08-14 12:58:14,2023-08-28 12:58:14,2023-08-27 03:47:26
5234594,8213,53265,945738122,2,2023-08-15 03:01:45,2023-08-29 03:01:45,2023-08-17 14:43:24
1341225,1729,87783,491994424,2,2023-08-15 14:52:54,2023-08-29 14:52:54,2023-08-27 10:02:53
3787176,9438,71635,533783859,1,2023-08-15 20:39:10,2023-08-29 20:39:10,2023-08-18 06:11:50
6646273,7118,65989,424465747,1,2023-08-17 09:52:55,2023-08-31 09:52:55,2023-08-22 16:59:00
7423341,9591,65176,988812962,1,2023-08-17 18:15:38,2023-08-31 18:15:38,2023-08-23 21:08:41
7823147,5423,28816,715852712,1,2023-08-17 18:46:30,2023-08-31 18:46:30,2023-08-26 17:35:01
6287921,9945,59649,224451457,2,2023-08-18 00:50:35,2023-09-01 00:50:35,2023-08-28 13:20:50
4793765,7296,27342,685145167,2,2023-08-18 08:02:38,2023-09-01 08:02:38,2023-08-20 00:13:16
7727383,7939,55219,211557561,1,2023-08-18 10:17:23,2023-09-01 10:17:23,2023-09-01 03:16:57
1792178,2369,93775,857758497,2,2023-08-18 20:47:43,2023-09-01 20:47:43,2023-08-23 04:36:38
1127469,4636,58931,493618818,1,2023-08-19 01:54:09,2023-09-02 01:54:09,2023-09-01 23:10:24
1318453,9162,96645,512728578,2,2023-08-19 11:24:53,2023-09-02 11:24:53,2023-08-23 23:05:08
2637245,2124,77261,953143543,2,2023-08-19 17:11:00,2023-09-02 17:11:00,2023-08-30 00:00:26
3432446,9591,65176,464326127,2,2023-08-20 01:15:36,2023-09-03 01:15:36,2023-08-27 15:11:39
6421765,2448,97956,559893727,1,2023-08-20 06:06:40,2023-09-03 06:06:40,2023-08-24 23:39:21
3563642,3877,17579,374922622,2,2023-08-20 17:00:43,2023-09-03 17:00:43,2023-09-03 00:42:47
5642781,9858,99271,169838297,1,2023-08-22 16:42:31,2023-09-05 16:42:31,2023-09-03 03:59:54
4348716,7489,72372,456372352,1,2023-08-22 18:16:18,2023-09-05 18:16:18,2023-08-28 10:15:05
2133956,8889,42284,317693229,1,2023-08-23 00:16:48,2023-09-06 00:16:48,2023-08-29 17:54:22
5873454,8515,71338,961558711,1,2023-08-23 08:31:44,2023-09-06 08:31:44,2023-08-26 10:25:46
1643694,9264,38459,195272934,2,2023-08-23 16:59:22,2023-09-06 16:59:22,2023-09-06 01:29:32
7887594,6368,52273,782186243,2,2023-08-23 20:38:03,2023-09-06 20:38:03,2023-08-27 02:00:43
9168688,6538,55889,414688817,1,2023-08-24 02:17:32,2023-09-07 02:17:32,2023-09-03 14:01:40
1621236,8996,96635,887398511,1,2023-08-24 12:55:25,2023-09-07 12:55:25,2023-08-25 16:16:34
3187514,6368,52273,883633339,2,2023-08-26 01:52:59,2023-09-09 01:52:59,2023-08-28 18:15:32
8246639,8263,34776,894364222,1,2023-08-26 05:40:42,2023-09-09 05:40:42,2023-09-04 18:54:59
6348314,4993,82311,428926521,2,2023-08-26 11:04:34,2023-09-09 11:04:34,2023-09-03 02:06:46
8199479,6261,33292,799447999,1,2023-08-27 14:12:54,2023-09-10 14:12:54,2023-09-10 11:56:07
1731999,3723,83141,592833693,1,2023-08-27 23:32:20,2023-09-10 23:32:20,2023-09-04 03:19:09
4641176,2876,81519,178624718,1,2023-08-28 19:37:59,2023-09-11 19:37:59,2023-09-11 05:11:07
9171946,6567,89791,478913948,2,2023-08-28 22:26:50,2023-09-11 22:26:50,2023-08-31 13:32:13
7875274,3566,31568,331436151,1,2023-08-29 09:17:25,2023-09-12 09:17:25,2023-09-04 19:31:02
7673539,4259,55848,298346976,2,2023-08-29 13:18:14,2023-09-12 13:18:14,2023-09-03 22:36:07
4334225,5294,29784,548772972,1,2023-08-29 21:47:57,2023-09-12 21:47:57,2023-09-09 18:47:58
5416584,3613,65373,132338966,1,2023-08-31 01:31:12,2023-09-14 01:31:12,2023-09-05 20:23:15
5215692,9264,38459,243237449,2,2023-08-31 21:09:15,2023-09-14 21:09:15,2023-09-09 02:59:19
1861981,1376,95813,958938729,1,2023-09-01 05:12:59,2023-09-15 05:12:59,2023-09-08 15:36:07
1565455,1151,34488,245879269,1,2023-09-01 08:57:19,2023-09-15 08:57:19,2023-09-13 02:55:13
8662291,6137,55656,891812744,2,2023-09-01 09:18:50,2023-09-15 09:18:50,2023-09-05 21:44:40
1155454,5785,59383,521943228,2,2023-09-01 19:49:33,2023-09-15 19:49:33,2023-09-07 11:44:31
9594965,2666,28552,616365278,2,2023-09-02 01:31:11,2023-09-16 01:31:11,2023-09-10 23:19:26
5634885,6836,75591,836751737,1,2023-09-02 07:32:40,2023-09-16 07:32:40,2023-09-10 13:49:08
3651221,8885,37963,297164785,1,2023-09-02 13:25:48,2023-09-16 13:25:48,2023-09-06 05:04:20
2633259,7644,88729,718978573,1,2023-09-02 13:42:20,2023-09-16 13:42:20,2023-09-14 13:51:36
6489811,1875,14557,821584122,2,2023-09-03 11:18:57,2023-09-17 11:18:57,2023-09-04 14:37:14
3962451,6964,74575,185196775,1,2023-09-03 16:35:58,2023-09-17 16:35:58,2023-09-09 09:51:07
6463132,9593,48668,118557885,2,2023-09-04 16:01:23,2023-09-18 16:01:23,2023-09-16 17:49:03
3282379,4536,96573,762149217,2,2023-09-05 16:22:04,2023-09-19 16:22:04,2023-09-10 20:33:06
4761545,1266,21367,649955525,2,2023-09-05 21:02:17,2023-09-19 21:02:17,2023-09-10 17:35:26
8445481,7639,49825,892154217,2,2023-09-06 10:03:48,2023-09-20 10:03:48,2023-09-16 16:26:10
1945227,1974,76924,378912546,1,2023-09-06 19:58:56,2023-09-20 19:58:56,2023-09-19 02:29:28
3768727,9196,98224,445654759,1,2023-09-07 05:19:31,2023-09-21 05:19:31,2023-09-08 18:34:54
8647289,4942,93858,251959712,2,2023-09-07 17:06:42,2023-09-21 17:06:42,2023-09-16 02:24:28
7154713,7634,98317,136195512,2,2023-09-08 07:22:18,2023-09-22 07:22:18,2023-09-18 19:19:43
5918386,3495,34161,232148726,1,2023-09-08 09:28:24,2023-09-22 09:28:24,2023-09-11 13:04:54
7345616,3974,42169,514942266,1,2023-09-09 01:55:41,2023-09-23 01:55:41,2023-09-21 14:12:55
6655417,5537,54711,892136825,1,2023-09-09 23:43:14,2023-09-23 23:43:14,2023-09-14 18:11:32
9885994,8879,21386,322538958,1,2023-09-10 05:53:09,2023-09-24 05:53:09,2023-09-14 07:16:37
7614369,9882,32783,327156668,2,2023-09-10 09:01:39,2023-09-24 09:01:39,2023-09-14 09:30:31
7765982,7459,28936,829487658,1,2023-09-11 02:47:51,2023-09-25 02:47:51,2023-09-15 07:01:30
4726786,9242,77177,632421247,2,2023-09-11 20:18:04,2023-09-25 20:18:04,2023-09-24 08:03:08
3531442,5971,73612,577756576,2,2023-09-11 20:49:39,2023-09-25 20:49:39,2023-09-23 10:57:58
2848122,4942,93858,618385256,1,2023-09-11 21:54:19,2023-09-25 21:54:19,2023-09-20 09:31:39
7929255,1266,21367,154599611,2,2023-09-13 04:27:08,2023-09-27 04:27:08,2023-09-23 11:20:07
7529913,8551,37389,332932956,1,2023-09-13 14:55:01,2023-09-27 14:55:01,2023-09-24 18:55:39
1759845,2466,35641,982556933,1,2023-09-14 01:04:48,2023-09-28 01:04:48,2023-09-16 07:37:46
7694174,3979,11855,788982574,2,2023-09-14 02:28:16,2023-09-28 02:28:16,2023-09-19 23:48:26
9583879,3431,43374,743667892,2,2023-09-14 12:50:46,2023-09-28 12:50:46,2023-09-19 09:08:54
4554663,1832,62126,473197537,2,2023-09-14 16:54:34,2023-09-28 16:54:34,2023-09-26 21:28:48
4149836,8933,76434,723616715,1,2023-09-14 20:01:34,2023-09-28 20:01:34,2023-09-18 10:55:44
7623156,6714,76591,372223864,2,2023-09-15 06:55:52,2023-09-29 06:55:52,2023-09-18 16:02:19
2295771,3647,46537,364173641,2,2023-09-16 12:08:30,2023-09-30 12:08:30,2023-09-20 12:13:02
6113697,6175,59597,716531455,2,2023-09-16 12:39:28,2023-09-30 12:39:28,2023-09-23 02:06:02
7388832,9322,54641,341347348,1,2023-09-16 15:13:27,2023-09-30 15:13:27,2023-09-27 15:35:25
5552679,8563,51345,259648655,1,2023-09-16 19:22:26,2023-09-30 19:22:26,2023-09-21 03:21:05
5227911,7187,28721,466712878,1,2023-09-16 20:11:44,2023-09-30 20:11:44,2023-09-20 05:51:53
5683353,7376,31633,896244142,2,2023-09-18 04:34:36,2023-10-02 04:34:36,2023-10-01 08:09:27
3841722,9191,25992,431989235,2,2023-09-18 15:42:09,2023-10-02 15:42:09,2023-09-30 02:47:04
3429921,2774,31216,952421746,2,2023-09-18 17:11:44,2023-10-02 17:11:44,2023-09-25 04:13:35
4677826,9882,32783,529761564,1,2023-09-19 01:57:27,2023-10-03 01:57:27,2023-10-02 11:37:04
2614757,2157,56247,516439734,2,2023-09-19 02:18:44,2023-10-03 02:18:44,2023-10-02 00:45:37
3546872,6558,22318,751576899,1,2023-09-19 09:03:39,2023-10-03 09:03:39,2023-09-26 00:42:27
5583828,8977,27947,226952416,2,2023-09-19 19:21:05,2023-10-03 19:21:05,2023-09-27 11:58:03
7939833,7312,64177,637661912,2,2023-09-20 11:28:31,2023-10-04 11:28:31,2023-09-29 16:10:36
2416565,6378,31456,788425591,2,2023-09-21 06:56:35,2023-10-05 06:56:35,2023-09-24 12:52:18
1495321,5785,59383,418673239,1,2023-09-21 13:30:26,2023-10-05 13:30:26,2023-10-04 00:01:16
5181194,6137,55656,856432232,1,2023-09-22 11:09:26,2023-10-06 11:09:26,2023-09-30 18:57:36
1924873,4877,24482,835134678,1,2023-09-22 17:56:27,2023-10-06 17:56:27,2023-09-26 21:03:52
3795483,2128,77694,821298555,2,2023-09-22 22:34:42,2023-10-06 22:34:42,2023-10-04 01:42:39
7411267,4368,42818,848557127,2,2023-09-23 03:20:49,2023-10-07 03:20:49,2023-09-30 01:24:58
6696786,2952,68155,242368844,1,2023-09-24 05:17:54,2023-10-08 05:17:54,2023-10-01 11:16:53
2588383,9614,78893,472918299,2,2023-09-24 14:27:26,2023-10-08 14:27:26,2023-10-06 03:41:25
7438887,5624,98797,751888583,2,2023-09-24 15:30:08,2023-10-08 15:30:08,2023-09-29 04:21:02
9254649,3974,42169,173548938,1,2023-09-24 20:23:54,2023-10-08 20:23:54,2023-10-01 10:19:08
6185638,4368,42818,188454675,2,2023-09-25 10:58:41,2023-10-09 10:58:41,2023-10-05 18:41:34
7823999,6632,32615,191552276,2,2023-09-25 14:11:40,2023-10-09 14:11:40,2023-09-28 01:54:56
9721162,8132,62717,323621344,2,2023-09-25 22:49:39,2023-10-09 22:49:39,2023-10-08 20:00:20
9142648,1545,35548,894249878,1,2023-09-26 08:32:54,2023-10-10 08:32:54,2023-10-04 06:10:21
3494261,1151,34488,174382673,2,2023-09-26 19:39:05,2023-10-10 19:39:05,2023-10-05 09:41:44
6743375,7291,75561,797215768,2,2023-09-28 12:14:53,2023-10-12 12:14:53,2023-10-07 20:32:38
6163939,4682,29971,416849564,2,2023-09-28 16:14:12,2023-10-12 16:14:12,2023-10-07 07:48:44
8486734,7459,28936,545912316,1,2023-09-28 20:54:23,2023-10-12 20:54:23,2023-10-07 09:14:50
3344796,2666,28552,128286773,1,2023-09-29 00:20:43,2023-10-13 00:20:43,2023-10-09 18:27:52
9383419,7785,42424,716924299,2,2023-09-29 17:14:23,2023-10-13 17:14:23,2023-10-11 20:55:00
9592699,6696,47152,453184428,1,2023-09-29 19:12:24,2023-10-13 19:12:24,2023-10-10 10:24:31
1582326,9627,76313,636246734,1,2023-09-29 23:56:04,2023-10-13 23:56:04,2023-10-05 09:56:55
5665781,4877,24482,253375951,2,2023-09-30 11:14:05,2023-10-14 11:14:05,2023-10-02 20:57:38
5714655,6734,49559,581629482,1,2023-10-01 00:56:47,2023-10-15 00:56:47,2023-10-03 07:14:07
3986225,8166,27658,866921512,2,2023-10-01 15:17:15,2023-10-15 15:17:15,2023-10-03 11:36:38
7453417,7546,97428,143463598,1,2023-10-02 02:52:29,2023-10-16 02:52:29,2023-10-13 07:11:28
8272723,5346,65176,464326127,2,2023-10-02 16:07:29,2023-10-16 16:07:29,2023-10-06 22:51:26
8894551,3127,22672,129192674,1,2023-10-02 21:49:14,2023-10-16 21:49:14,2023-10-06 00:00:06
4233251,8732,86411,928452665,1,2023-10-03 12:06:12,2023-10-17 12:06:12,2023-10-16 21:49:20
2364432,7387,78766,897394447,2,2023-10-03 17:38:51,2023-10-17 17:38:51,2023-10-17 01:21:33
1149575,5432,59383,521943228,2,2023-10-04 11:12:22,2023-10-18 11:12:22,2023-10-15 18:05:15
3433539,6332,28976,886975497,2,2023-10-04 17:36:55,2023-10-18 17:36:55,2023-10-07 08:29:42
4638994,1151,98263,567359216,1,2023-10-04 17:56:53,2023-10-18 17:56:53,2023-10-17 07:38:12
2756196,9944,11147,324544398,1,2023-10-04 23:03:57,2023-10-18 23:03:57,2023-10-15 10:48:36
5511718,9437,39373,675988923,2,2023-10-06 04:40:07,2023-10-20 04:40:07,2023-10-13 10:27:23
6225522,3777,45869,955682179,1,2023-10-06 22:28:02,2023-10-20 22:28:02,2023-10-20 19:29:02
6566373,9294,35217,995127523,2,2023-10-07 13:45:57,2023-10-21 13:45:57,2023-10-19 19:45:34
3457388,9981,36487,351323459,1,2023-10-07 16:44:10,2023-10-21 16:44:10,2023-10-09 19:06:50
5398572,6529,56644,556614424,1,2023-10-08 09:54:34,2023-10-22 09:54:34,2023-10-18 10:05:40
5826992,7537,18316,723212752,1,2023-10-08 22:41:23,2023-10-22 22:41:23,2023-10-22 02:35:33
6128739,6529,56644,754726953,2,2023-10-09 13:24:14,2023-10-23 13:24:14,2023-10-10 18:46:42
2396423,5179,33245,888753515,1,2023-10-09 13:33:17,2023-10-23 13:33:17,2023-10-22 05:05:08
6972919,6442,36952,628854342,2,2023-10-09 15:54:55,2023-10-23 15:54:55,2023-10-22 16:47:58
1577314,7737,36836,279137278,1,2023-10-10 01:38:26,2023-10-24 01:38:26,2023-10-22 17:17:48
3729576,9437,39373,976486195,1,2023-10-10 10:02:15,2023-10-24 10:02:15,2023-10-14 18:25:25
1914744,9816,35856,339661366,1,2023-10-10 12:07:26,2023-10-24 12:07:26,2023-10-22 04:33:14
1192326,7714,78352,487799413,1,2023-10-10 17:49:41,2023-10-24 17:49:41,2023-10-15 21:40:27
8171461,3872,23738,937422567,2,2023-10-10 21:17:55,2023-10-24 21:17:55,2023-10-24 15:15:45
5737916,9931,34175,681593547,2,2023-10-11 03:10:02,2023-10-25 03:10:02,2023-10-14 20:15:07
1426177,9169,92753,649368854,2,2023-10-11 16:13:51,2023-10-25 16:13:51,2023-10-18 20:52:35
4242478,8166,27658,525678186,2,2023-10-12 22:02:35,2023-10-26 22:02:35,2023-10-23 22:38:08
1637245,1946,49784,668677999,1,2023-10-13 01:40:16,2023-10-27 01:40:16,2023-10-25 10:34:08
7938466,1737,47132,499668734,1,2023-10-13 08:09:44,2023-10-27 08:09:44,2023-10-25 22:18:28
5676931,6882,37161,662122353,1,2023-10-14 06:41:41,2023-10-28 06:41:41,2023-10-23 20:50:29
5247993,4572,35149,283449755,2,2023-10-14 21:16:39,2023-10-28 21:16:39,2023-10-20 15:26:09
4585525,5892,16268,556359716,1,2023-10-14 23:38:28,2023-10-28 23:38:28,2023-10-28 15:20:23
1367716,7818,33768,292852796,2,2023-10-15 07:19:14,2023-10-29 07:19:14,2023-10-22 23:15:06
4114992,5788,16755,596823518,1,2023-10-15 09:29:23,2023-10-29 09:29:23,2023-10-28 06:59:38
3577614,7714,78352,925169566,2,2023-10-15 16:19:37,2023-10-29 16:19:37,2023-10-19 09:40:15
1718354,5254,46994,216875689,1,2023-10-16 06:06:39,2023-10-30 06:06:39,2023-10-28 09:08:59
2632598,6529,56644,422976925,2,2023-10-16 07:57:17,2023-10-30 07:57:17,2023-10-19 22:16:42
7461128,1262,69526,783466885,1,2023-10-16 17:20:16,2023-10-30 17:20:16,2023-10-20 23:49:06
6424295,5346,65176,988812962,1,2023-10-17 04:22:32,2023-10-31 04:22:32,2023-10-19 04:12:23
1142728,7676,63395,932179691,1,2023-10-17 04:54:24,2023-10-31 04:54:24,2023-10-25 14:54:08
7374659,5432,59383,418673239,1,2023-10-17 06:24:26,2023-10-31 06:24:26,2023-10-25 09:09:36
7736836,2881,56149,331651814,2,2023-10-17 18:23:37,2023-10-31 18:23:37,2023-10-19 03:26:07
2472272,8789,37396,432786682,2,2023-10-18 00:07:51,2023-11-01 00:07:51,2023-10-26 07:42:40
2272594,9273,93217,773272119,2,2023-10-18 23:08:50,2023-11-01 23:08:50,2023-10-31 03:39:48
8799753,2881,56149,644367229,2,2023-10-19 02:30:53,2023-11-02 02:30:53,2023-10-25 21:40:04
6376722,9944,11147,632558332,1,2023-10-19 17:58:36,2023-11-02 17:58:36,2023-10-26 22:03:03
8255632,9558,66399,227451796,2,2023-10-19 23:51:10,2023-11-02 23:51:10,2023-10-27 21:04:07
5139256,8149,42287,827719729,1,2023-10-20 07:33:44,2023-11-03 07:33:44,2023-10-27 01:54:03
1646744,9273,93217,516169244,2,2023-10-20 16:02:09,2023-11-03 16:02:09,2023-10-23 04:15:58
7611418,4411,84614,715653429,2,2023-10-20 16:12:00,2023-11-03 16:12:00,2023-10-29 19:13:27
8246494,6882,37161,465251664,1,2023-10-20 16:34:39,2023-11-03 16:34:39,2023-10-22 04:22:46
3337144,1737,47132,385282397,2,2023-10-20 23:06:12,2023-11-03 23:06:12,2023-10-27 17:35:47
7345734,3777,45869,288834424,1,2023-10-21 04:26:15,2023-11-04 04:26:15,2023-11-03 01:15:24
1941985,5984,43938,466828231,2,2023-10-21 05:38:26,2023-11-04 05:38:26,2023-11-01 19:51:34
7151927,9157,34588,574689149,1,2023-10-21 10:22:03,2023-11-04 10:22:03,2023-10-28 23:20:11
4345879,6529,56644,766492773,1,2023-10-21 20:58:48,2023-11-04 20:58:48,2023-11-03 12:01:34
1361935,6383,51448,854476337,2,2023-10-22 01:23:27,2023-11-05 01:23:27,2023-10-31 16:52:24
9498645,9432,94847,395929271,2,2023-10-22 21:43:58,2023-11-05 21:43:58,2023-11-02 05:28:17
9113421,9346,75144,458588166,1,2023-10-23 02:01:46,2023-11-06 02:01:46,2023-10-26 06:28:23
2717682,5179,33245,894627121,2,2023-10-23 18:32:51,2023-11-06 18:32:51,2023-10-31 11:13:41
3174479,8413,65142,731271412,2,2023-10-23 19:10:11,2023-11-06 19:10:11,2023-10-28 02:23:17
9364816,3735,81441,283888543,1,2023-10-24 03:54:51,2023-11-07 03:54:51,2023-11-04 07:46:18
6746583,6183,78212,129412851,1,2023-10-24 16:46:42,2023-11-07 16:46:42,2023-11-07 15:55:29
8937516,9651,22935,885938732,2,2023-10-25 08:22:16,2023-11-08 08:22:16,2023-11-06 19:35:24
8639779,9894,41238,736218529,1,2023-10-25 14:34:55,2023-11-08 14:34:55,2023-11-01 22:46:59
9796838,7128,88147,254122399,1,2023-10-25 17:27:17,2023-11-08 17:27:17,2023-11-06 22:20:01
4228482,3395,23399,892242914,1,2023-10-25 19:07:33,2023-11-08 19:07:33,2023-11-04 14:05:45
1555839,6665,69388,121447428,2,2023-10-25 19:19:40,2023-11-08 19:19:40,2023-11-04 06:56:33
9836395,5179,33245,437775879,2,2023-10-26 04:01:29,2023-11-09 04:01:29,2023-11-07 11:17:50
3917332,6464,46145,731814399,1,2023-10-26 05:37:19,2023-11-09 05:37:19,2023-11-06 01:31:59
4716611,5466,99925,642952288,1,2023-10-26 07:48:52,2023-11-09 07:48:52,2023-10-29 05:05:23
8459215,8149,42287,251147463,2,2023-10-28 15:23:09,2023-11-11 15:23:09,2023-11-01 03:18:48
4168723,8413,65142,653745354,1,2023-10-29 16:50:46,2023-11-12 16:50:46,2023-11-02 01:49:00
1524277,3215,92199,473171327,1,2023-10-30 03:32:06,2023-11-13 03:32:06,2023-11-11 04:12:32
3556857,9432,94847,453291927,2,2023-10-30 11:32:13,2023-11-13 11:32:13,2023-11-13 08:43:41
8411723,7636,62112,771171186,1,2023-10-30 17:01:15,2023-11-13 17:01:15,2023-11-01 23:48:31
3747998,5667,55839,145471577,1,2023-10-30 22:36:31,2023-11-13 22:36:31,2023-11-08 07:52:54
1756287,3947,12349,458418176,2,2023-10-31 19:21:11,2023-11-14 19:21:11,2023-11-09 05:55:34
5572855,3298,11668,642641881,1,2023-11-01 09:19:43,2023-11-15 09:19:43,2023-11-14 16:10:03
5338563,9326,33314,916984245,2,2023-11-02 00:31:29,2023-11-16 00:31:29,2023-11-13 13:47:29
9921577,9829,48949,721824295,2,2023-11-02 16:37:06,2023-11-16 16:37:06,2023-11-13 13:08:29
9793647,6753,12529,152863436,2,2023-11-02 18:30:49,2023-11-16 18:30:49,2023-11-07 15:16:09
3695326,8388,13789,985441365,1,2023-11-02 23:09:53,2023-11-16 23:09:53,2023-11-05 19:52:31
3495478,8695,49537,687365153,1,2023-11-03 06:39:26,2023-11-17 06:39:26,2023-11-14 16:34:35
5659634,5288,91271,511878336,1,2023-11-03 09:24:11,2023-11-17 09:24:11,2023-11-11 07:43:07
9777161,7483,53141,556872158,1,2023-11-04 15:08:40,2023-11-18 15:08:40,2023-11-13 23:37:58
5719762,6562,23728,995425548,2,2023-11-04 15:49:14,2023-11-18 15:49:14,2023-11-10 07:17:52
5374427,2383,82868,928459615,2,2023-11-05 21:10:27,2023-11-19 21:10:27,2023-11-17 09:07:35
9584184,9544,98457,996813213,2,2023-11-07 00:22:31,2023-11-21 00:22:31,2023-11-16 21:30:09
6338114,2859,17831,233274945,2,2023-11-08 20:42:33,2023-11-22 20:42:33,2023-11-12 01:08:23
8299854,7424,85964,593463158,2,2023-11-08 22:44:02,2023-11-22 22:44:02,2023-11-18 07:22:23
3921663,9611,29968,757644691,2,2023-11-09 15:04:50,2023-11-23 15:04:50,2023-11-20 02:24:48
1521531,8613,98766,216869343,1,2023-11-09 20:04:17,2023-11-23 20:04:17,2023-11-16 19:58:00
8742672,8275,35645,218661286,2,2023-11-09 23:35:01,2023-11-23 23:35:01,2023-11-13 02:38:06
5341597,4631,43621,952778456,2,2023-11-10 00:17:10,2023-11-24 00:17:10,2023-11-19 10:45:10
4195373,9499,13747,987354622,1,2023-11-10 03:40:10,2023-11-24 03:40:10,2023-11-16 23:48:58
4211495,1976,92265,557715312,2,2023-11-10 11:21:05,2023-11-24 11:21:05,2023-11-16 09:13:18
2378554,4225,43351,523125312,2,2023-11-10 12:59:35,2023-11-24 12:59:35,2023-11-15 21:33:50
1898378,3296,73221,559112748,1,2023-11-11 18:56:01,2023-11-25 18:56:01,2023-11-15 01:56:11
6951543,7276,63518,929341385,1,2023-11-11 21:05:14,2023-11-25 21:05:14,2023-11-24 10:33:14
6923163,1619,99627,221287745,1,2023-11-11 22:29:55,2023-11-25 22:29:55,2023-11-22 12:25:38
5667428,9323,11491,113243819,1,2023-11-13 06:17:21,2023-11-27 06:17:21,2023-11-22 21:37:39
1718474,2934,65384,368442464,2,2023-11-14 03:50:34,2023-11-28 03:50:34,2023-11-21 22:08:22
5341762,2795,26351,774512172,2,2023-11-14 08:58:21,2023-11-28 08:58:21,2023-11-28 01:31:02
3341679,1976,92265,787545174,1,2023-11-14 22:42:54,2023-11-28 22:42:54,2023-11-21 04:10:13
6556487,8216,33378,332354487,1,2023-11-14 23:15:05,2023-11-28 23:15:05,2023-11-18 12:32:53
6121841,4476,56418,958883767,2,2023-11-15 08:12:08,2023-11-29 08:12:08,2023-11-22 21:18:50
1727321,7737,32399,548999753,1,2023-11-15 22:20:24,2023-11-29 22:20:24,2023-11-24 02:02:38
8345169,7752,47385,944297626,2,2023-11-16 07:39:41,2023-11-30 07:39:41,2023-11-25 14:35:21
4473287,4476,56418,557327165,2,2023-11-16 19:12:04,2023-11-30 19:12:04,2023-11-28 12:23:03
2764145,2626,39981,818215383,1,2023-11-17 05:33:41,2023-12-01 05:33:41,2023-11-28 04:02:54
2281312,7438,68964,887614977,1,2023-11-17 06:51:06,2023-12-01 06:51:06,2023-11-29 01:07:06
5799842,7781,11463,618386777,2,2023-11-17 07:27:09,2023-12-01 07:27:09,2023-11-21 07:35:34
4826877,5414,43446,231584368,2,2023-11-18 12:54:20,2023-12-02 12:54:20,2023-11-24 13:40:35
8414618,2121,64479,348978556,2,2023-11-18 14:10:29,2023-12-02 14:10:29,2023-11-24 23:50:56
7249232,9556,13214,476858978,1,2023-11-18 23:02:32,2023-12-02 23:02:32,2023-11-25 18:23:59
5815163,5654,32571,987519394,2,2023-11-19 03:13:48,2023-12-03 03:13:48,2023-11-28 17:40:58
9732867,7452,58284,685584625,2,2023-11-19 04:07:32,2023-12-03 04:07:32,2023-12-01 21:06:38
9119696,3659,79473,934725156,1,2023-11-19 23:42:19,2023-12-03 23:42:19,2023-12-03 18:06:59
7262386,9436,47886,391314266,2,2023-11-20 08:21:35,2023-12-04 08:21:35,2023-11-22 12:32:24
3851835,1832,84828,929563849,2,2023-11-20 12:12:53,2023-12-04 12:12:53,2023-12-02 09:32:09
1241481,2795,26351,258756394,1,2023-11-20 15:15:50,2023-12-04 15:15:50,2023-11-27 23:08:14
6668429,4225,43351,912645829,1,2023-11-21 11:10:58,2023-12-05 11:10:58,2023-12-04 08:13:39
5388146,7859,46412,473124555,1,2023-11-21 15:27:48,2023-12-05 15:27:48,2023-12-01 15:17:34
1425356,6613,53697,662163615,1,2023-11-21 20:13:08,2023-12-05 20:13:08,2023-12-04 07:57:51
5185269,2626,39981,896178589,1,2023-11-22 02:13:37,2023-12-06 02:13:37,2023-12-04 12:51:45
6311875,7276,63518,314396619,1,2023-11-22 10:56:32,2023-12-06 10:56:32,2023-11-23 16:38:41
7172186,3758,94514,778583158,1,2023-11-22 12:17:15,2023-12-06 12:17:15,2023-11-29 07:35:10
9474373,6755,61173,981688535,1,2023-11-22 12:39:29,2023-12-06 12:39:29,2023-11-23 20:13:29
1449415,7171,62219,299831193,2,2023-11-22 17:33:10,2023-12-06 17:33:10,2023-11-30 12:49:01
4856669,5148,19432,774883358,1,2023-11-22 17:54:59,2023-12-06 17:54:59,2023-12-04 01:48:34
8435546,8779,36553,492974235,1,2023-11-23 18:50:41,2023-12-07 18:50:41,2023-11-25 18:52:06
7734565,4458,14519,795715793,2,2023-11-23 21:16:57,2023-12-07 21:16:57,2023-12-03 14:02:02
8737967,7859,46412,779594342,2,2023-11-25 12:55:17,2023-12-09 12:55:17,2023-12-05 22:09:01
9757535,2713,64485,573988662,2,2023-11-25 15:33:59,2023-12-09 15:33:59,2023-12-05 04:12:41
2823466,9761,56598,153447663,1,2023-11-26 05:26:08,2023-12-10 05:26:08,2023-12-02 13:42:06
7562712,2369,43144,349386281,2,2023-11-27 04:29:18,2023-12-11 04:29:18,2023-11-29 17:42:52
3299652,2383,82868,689541315,2,2023-11-27 12:44:24,2023-12-11 12:44:24,2023-12-05 01:15:38
4534595,6166,61524,743497911,2,2023-11-27 16:03:50,2023-12-11 16:03:50,2023-12-02 12:32:29
7974644,9746,19648,749422583,2,2023-11-28 13:42:15,2023-12-12 13:42:15,2023-12-09 04:51:10
7334243,5318,22417,346127221,2,2023-11-28 22:53:59,2023-12-12 22:53:59,2023-12-07 07:48:51
9446887,7534,72852,274929283,1,2023-11-28 23:23:21,2023-12-12 23:23:21,2023-12-07 20:32:15
1422761,8613,98766,153141331,1,2023-11-29 01:01:49,2023-12-13 01:01:49,2023-12-08 10:50:56
8926197,7312,65773,328685253,2,2023-11-29 08:33:49,2023-12-13 08:33:49,2023-12-09 03:05:08
7945999,6781,61574,817457376,1,2023-11-30 03:32:22,2023-12-14 03:32:22,2023-12-04 20:22:10
2739528,6451,28141,563565865,1,2023-11-30 23:13:11,2023-12-14 23:13:11,2023-12-05 00:54:29
6692425,4679,58834,367126716,2,2023-11-30 23:51:12,2023-12-14 23:51:12,2023-12-06 08:25:02
4173476,7734,47412,382281967,1,2023-12-01 05:32:17,2023-12-15 05:32:17,2023-12-06 07:38:07
7778853,1453,97687,391669757,1,2023-12-01 10:49:13,2023-12-15 10:49:13,2023-12-03 03:10:18
6669434,5663,26311,395627428,2,2023-12-01 13:11:41,2023-12-15 13:11:41,2023-12-03 03:21:36
3941636,5332,11331,397728765,2,2023-12-01 18:08:59,2023-12-15 18:08:59,2023-12-13 12:40:31
2854671,5379,11692,519758891,2,2023-12-01 19:13:27,2023-12-15 19:13:27,2023-12-15 10:51:21
3522597,8327,91122,449582236,2,2023-12-02 05:48:26,2023-12-16 05:48:26,2023-12-11 17:19:09
1731212,6166,62543,714768174,1,2023-12-02 06:37:03,2023-12-16 06:37:03,2023-12-05 02:15:51
3562728,7773,37336,895269599,1,2023-12-02 12:03:28,2023-12-16 12:03:28,2023-12-15 11:08:49
1456727,6948,22335,197352754,1,2023-12-02 23:07:18,2023-12-16 23:07:18,2023-12-15 13:13:44
2951533,9196,14924,441776277,1,2023-12-03 21:24:31,2023-12-17 21:24:31,2023-12-12 23:14:34
9117696,2148,66568,755973911,1,2023-12-05 13:36:33,2023-12-19 13:36:33,2023-12-07 22:23:01
5168633,4157,98223,629326931,2,2023-12-06 04:34:23,2023-12-20 04:34:23,2023-12-19 21:22:09
7119764,9656,65422,648833757,2,2023-12-07 05:38:02,2023-12-21 05:38:02,2023-12-21 04:14:24
3575872,2255,58623,618928774,2,2023-12-08 23:12:03,2023-12-22 23:12:03,2023-12-16 23:33:47
8686495,1621,44192,885514915,1,2023-12-09 09:51:17,2023-12-23 09:51:17,2023-12-13 02:19:10
1861756,1193,82774,672324192,2,2023-12-09 10:04:19,2023-12-23 10:04:19,2023-12-13 14:26:39
5154548,9221,22746,446971786,2,2023-12-09 13:47:57,2023-12-23 13:47:57,2023-12-17 13:41:00
9223964,6166,62543,539443727,2,2023-12-09 23:18:29,2023-12-23 23:18:29,2023-12-12 23:43:43
8312949,8466,17775,823938898,1,2023-12-10 05:15:32,2023-12-24 05:15:32,2023-12-21 22:16:16
4819696,5485,22339,752665932,1,2023-12-10 06:06:49,2023-12-24 06:06:49,2023-12-16 00:58:34
7439837,5578,99741,645118827,2,2023-12-10 11:18:28,2023-12-24 11:18:28,2023-12-15 14:26:24
8362811,6239,74494,518943156,2,2023-12-11 01:37:34,2023-12-25 01:37:34,2023-12-17 20:56:02
8678455,5739,97937,656391949,2,2023-12-11 13:14:34,2023-12-25 13:14:34,2023-12-24 11:13:44
4321989,1694,23273,488198553,2,2023-12-12 16:54:51,2023-12-26 16:54:51,2023-12-16 02:04:09
8415383,8443,97562,843555285,1,2023-12-12 22:34:00,2023-12-26 22:34:00,2023-12-18 04:40:09
5645134,3791,91748,525787291,2,2023-12-12 23:49:29,2023-12-26 23:49:29,2023-12-24 13:22:04
3792132,9552,21838,545591528,1,2023-12-13 05:45:45,2023-12-27 05:45:45,2023-12-15 11:55:57
8156739,1288,52176,155379939,2,2023-12-13 10:47:14,2023-12-27 10:47:14,2023-12-26 08:06:58
6839684,8455,26162,793258466,2,2023-12-13 19:56:06,2023-12-27 19:56:06,2023-12-17 22:23:46
5739279,5265,42299,534564165,1,2023-12-14 00:46:47,2023-12-28 00:46:47,2023-12-23 17:01:35
5719293,7322,11817,268432248,1,2023-12-15 00:07:27,2023-12-29 00:07:27,2023-12-26 17:06:28
9395382,2312,84925,742783379,2,2023-12-15 02:05:20,2023-12-29 02:05:20,2023-12-17 09:36:52
3488259,9247,67713,989918163,2,2023-12-15 05:33:05,2023-12-29 05:33:05,2023-12-20 00:34:48
4814724,9566,52939,846243265,1,2023-12-15 06:07:03,2023-12-29 06:07:03,2023-12-20 01:58:25
8422824,5598,56186,651968169,2,2023-12-15 23:43:34,2023-12-29 23:43:34,2023-12-23 11:27:48
3955858,7392,39231,639113488,2,2023-12-16 06:37:42,2023-12-30 06:37:42,2023-12-22 03:44:49
8346832,6519,68335,897649739,1,2023-12-16 14:29:39,2023-12-30 14:29:39,2023-12-26 22:01:27
4311915,4999,22392,471655281,2,2023-12-16 15:46:57,2023-12-30 15:46:57,2023-12-23 03:11:33
6469327,6617,82348,485358645,1,2023-12-17 06:53:48,2023-12-31 06:53:48,2023-12-26 07:55:58
4585937,6165,28399,873289142,2,2023-12-18 02:25:08,2024-01-01 02:25:08,2023-12-29 08:14:33
5696744,1994,68775,167589692,1,2023-12-18 09:28:22,2024-01-01 09:28:22,2023-12-21 14:15:29
5814789,1626,42597,317637114,1,2023-12-18 22:28:35,2024-01-01 22:28:35,2023-12-23 15:53:07
7919797,6166,62543,446517681,2,2023-12-19 18:51:36,2024-01-02 18:51:36,2024-01-02 05:59:21
2844641,7147,22177,382316917,2,2023-12-20 22:11:07,2024-01-03 22:11:07,2023-12-26 19:05:03
4358754,7772,18885,378838398,1,2023-12-20 22:44:46,2024-01-03 22:44:46,2023-12-24 04:16:23
2232478,5598,56186,822277217,1,2023-12-21 11:06:40,2024-01-04 11:06:40,2023-12-27 12:52:10
8783329,2948,34672,663167464,1,2023-12-21 20:28:24,2024-01-04 20:28:24,2023-12-30 13:29:52
8339954,4138,43969,147681978,2,2023-12-21 23:02:26,2024-01-04 23:02:26,2023-12-26 08:26:38
2332338,1994,68775,825199882,1,2023-12-22 17:22:28,2024-01-05 17:22:28,2023-12-25 00:20:25
2918533,8233,84337,595768311,1,2023-12-22 21:21:38,2024-01-05 21:21:38,2024-01-04 11:57:53
6173583,9168,46815,431226216,2,2023-12-23 04:34:40,2024-01-06 04:34:40,2023-12-31 03:11:03
3664968,2185,81244,863884939,1,2023-12-23 17:01:40,2024-01-06 17:01:40,2023-12-24 19:30:35
6769734,5121,63783,592268245,2,2023-12-24 16:20:41,2024-01-07 16:20:41,2023-12-26 18:23:33
2179237,6545,24956,814537552,2,2023-12-25 00:09:15,2024-01-08 00:09:15,2024-01-03 09:37:03
1332387,8357,23114,571252496,1,2023-12-25 23:22:27,2024-01-08 23:22:27,2024-01-04 13:26:22
9834531,2651,93728,611892171,2,2023-12-26 04:28:30,2024-01-09 04:28:30,2023-12-29 13:14:15
1851184,7772,18885,482958996,1,2023-12-26 06:08:50,2024-01-09 06:08:50,2024-01-02 09:45:15
6574192,9614,69399,298614526,2,2023-12-26 08:14:58,2024-01-09 08:14:58,2024-01-05 18:47:21
7841765,9846,78318,981817321,2,2023-12-26 14:55:58,2024-01-09 14:55:58,2024-01-06 14:12:23
4982283,6587,96112,342949381,1,2023-12-26 20:18:30,2024-01-09 20:18:30,2024-01-04 17:48:39
4471521,7478,38835,381397839,2,2023-12-29 04:34:37,2024-01-12 04:34:37,2024-01-06 08:37:03
2212431,2214,97551,256656237,2,2023-12-29 10:47:39,2024-01-12 10:47:39,2024-01-11 20:26:04
5859629,9953,54339,159521843,1,2023-12-29 22:39:57,2024-01-12 22:39:57,2024-01-02 05:55:15
6584298,6346,37174,349255519,2,2023-12-30 00:02:40,2024-01-13 00:02:40,2024-01-11 07:47:08
5685279,6545,24956,262317488,2,2023-12-30 15:11:25,2024-01-13 15:11:25,2024-01-03 13:11:22
6245339,2222,79178,119951681,2,2023-12-30 20:23:32,2024-01-13 20:23:32,2024-01-04 11:40:04
