rating_id,user_id,book_id,book_availability_id,total_copies,rating_date,rating
75487224,6916,18436,472641749,1,2023-01-01 03:13:45,6
26393274,7927,44278,589444432,2,2023-01-01 03:13:20,8
34189289,4673,63816,671479821,1,2023-01-02 03:13:01,10
27396959,5572,17535,738628287,1,2023-01-02 03:13:22,10
77225179,3293,43683,568181677,1,2023-01-02 03:13:47,10
76345562,3258,92211,661627379,1,2023-01-02 03:13:36,10
14673386,9474,58415,863499276,1,2023-01-03 03:13:46,10
95889766,3335,25625,397759881,2,2023-01-03 03:13:07,10
15469216,5699,74723,157776522,1,2023-01-03 03:13:50,10
29427978,2549,57342,882934972,2,2023-01-03 03:13:53,10
65164521,4515,93785,889699874,1,2023-01-03 03:13:48,10
94329474,8552,76128,645532871,2,2023-01-04 03:13:39,10
89311958,7557,76126,633725253,2,2023-01-04 03:13:06,10
67963384,5192,14859,716444722,2,2023-01-05 03:13:44,10
91363317,9646,83241,615211321,1,2023-01-05 03:13:29,10
89195686,3163,87286,454979869,1,2023-01-06 03:13:53,10
42717617,5966,58631,768647484,2,2023-01-06 03:13:56,10
96355394,7999,31148,574574187,1,2023-01-06 03:13:27,10
66245718,9556,94939,635781455,2,2023-01-07 03:13:44,10
14775174,7725,78998,239951229,2,2023-01-07 03:13:43,10
41422516,2384,42148,694191578,1,2023-01-08 03:13:32,10
68648686,7476,89232,451163873,1,2023-01-08 03:13:37,10
99122316,3334,27946,256351659,2,2023-01-09 03:13:57,10
42421376,4178,83951,254748497,1,2023-01-09 03:13:53,4
44765236,7319,95353,461692367,2,2023-01-10 03:13:18,10
63168739,5966,58631,693798935,2,2023-01-10 03:13:23,10
52819411,2189,23673,532123338,1,2023-01-10 03:13:12,10
71719318,7319,95353,869943923,2,2023-01-10 03:13:01,10
68183714,8394,87817,321199521,2,2023-01-11 03:13:08,10
76283959,6638,31429,654357361,2,2023-01-11 03:13:24,10
82993547,8552,76128,412287772,2,2023-01-12 03:13:24,10
59956642,8533,61769,732263137,1,2023-01-12 03:13:51,10
91458424,3765,74329,299345577,2,2023-01-12 03:13:15,10
26399732,3549,36864,838499547,2,2023-01-13 03:13:53,3
14668317,2192,24997,433979683,1,2023-01-13 03:13:03,10
95977218,1841,14637,566294395,2,2023-01-14 03:13:41,10
88865634,8356,58743,497317365,2,2023-01-14 03:13:53,10
78437318,8263,28975,587982693,1,2023-01-14 03:13:40,10
79267752,5685,18739,117684356,2,2023-01-15 03:13:02,10
26448897,1841,14637,663993389,2,2023-01-16 03:13:53,10
35444221,4178,83951,719331318,2,2023-01-16 03:13:49,10
44658952,7319,95353,763192153,2,2023-01-16 03:13:16,10
89663532,4769,51734,191594135,2,2023-01-16 03:13:12,10
68685135,4699,89365,496948663,1,2023-01-17 03:13:30,10
32798153,5445,85459,329496298,1,2023-01-18 03:13:16,10
16472452,2977,63371,746978932,1,2023-01-18 03:13:37,10
33614827,3456,82644,758335653,2,2023-01-19 03:13:50,1
55261539,6916,18436,394887578,2,2023-01-19 03:13:10,10
41756276,9745,73131,168766732,1,2023-01-19 03:13:21,10
41969794,8341,35649,267949377,1,2023-01-20 03:13:07,10
48416583,8356,58743,798574316,2,2023-01-20 03:13:45,10
59696789,2372,89142,117168615,2,2023-01-21 03:13:24,10
39314233,3263,98224,445654759,1,2023-01-22 03:13:42,6
83377344,9426,15828,852191187,1,2023-01-22 03:13:30,10
73758457,9556,94939,227395552,1,2023-01-23 03:13:51,9
61673223,7455,76815,963845356,1,2023-01-23 03:13:25,2
74937779,1263,66842,883818464,1,2023-01-24 03:13:57,10
59318586,4673,63816,566896387,2,2023-01-24 03:13:05,10
84835215,6736,72647,114183557,2,2023-01-24 03:13:27,10
75193698,5626,15465,914712799,1,2023-01-25 03:13:57,10
35333365,6629,22321,372997957,2,2023-01-25 03:13:54,10
12965638,2549,57342,247294823,1,2023-01-25 03:13:58,10
14587234,2279,63141,641173839,2,2023-01-25 03:13:25,10
13817621,3465,57231,552644995,1,2023-01-26 03:13:18,10
53349877,1263,66842,978579683,1,2023-01-27 03:13:08,7
97291618,6348,77652,629649176,1,2023-01-27 03:13:55,10
67518661,2675,76524,341368939,1,2023-01-27 03:13:39,10
92178411,8328,53539,784863362,2,2023-01-28 03:13:58,10
37887112,3334,27946,629312386,1,2023-01-28 03:13:37,10
57116586,5131,74179,651933329,1,2023-01-29 03:13:08,10
31288338,4178,83951,357257558,2,2023-01-29 03:13:46,0
26457416,4386,65395,133641797,2,2023-01-29 03:13:05,10
56654971,2549,57342,172618441,1,2023-01-30 03:13:55,10
63411294,7455,76815,743366332,1,2023-01-30 03:13:44,10
48858543,9952,15646,731471214,2,2023-01-31 03:13:59,10
25741372,9998,47425,484671389,2,2023-01-31 03:13:02,10
14695582,3456,82644,136159626,2,2023-01-31 03:13:18,10
47754739,6265,98747,976775779,2,2023-02-01 03:13:56,0
78581221,5777,98232,494955675,1,2023-02-01 03:13:10,10
28621646,6912,63185,632651898,2,2023-02-01 03:13:26,10
93988138,8568,48526,734759765,1,2023-02-01 03:13:38,10
26552976,4686,18183,448822768,2,2023-02-01 03:13:56,10
22216555,3372,46435,639238955,2,2023-02-02 03:13:00,10
81227236,7883,11147,324544398,1,2023-02-02 03:13:57,10
73539758,1114,52498,329756164,1,2023-02-02 03:13:38,10
83369275,6293,15439,629131251,1,2023-02-03 03:13:57,10
79211929,1114,52498,624921743,1,2023-02-03 03:13:47,10
74921364,6757,62926,976839128,1,2023-02-03 03:13:27,10
88679786,6487,24474,327174457,2,2023-02-03 03:13:54,10
39388967,5692,51612,569353119,1,2023-02-04 03:13:59,7
47278276,7256,38732,336735255,1,2023-02-04 03:13:53,10
39887834,1197,63787,262465115,2,2023-02-04 03:13:00,9
45314948,8447,23832,652411511,1,2023-02-05 03:13:34,10
76154223,9595,54216,491787387,1,2023-02-06 03:13:51,10
61265689,3588,24597,384172897,1,2023-02-06 03:13:58,10
31317739,3559,94551,931158613,2,2023-02-07 03:13:33,10
73314774,3991,82985,248597242,2,2023-02-07 03:13:06,10
35119847,5446,12864,186483387,1,2023-02-07 03:13:21,10
87164425,7925,18946,697733154,1,2023-02-07 03:13:57,10
71567812,4517,19451,328375777,2,2023-02-07 03:13:24,10
23957434,7842,15293,913766627,1,2023-02-08 03:13:33,10
64127766,4179,93217,516169244,2,2023-02-08 03:13:25,10
96879317,4973,39286,128752427,2,2023-02-09 03:13:09,10
88838264,4912,89547,842494185,1,2023-02-11 03:13:15,10
31326177,7396,39849,564892344,1,2023-02-11 03:13:38,10
18933781,8568,48526,135987925,2,2023-02-12 03:13:49,10
64289622,5866,18537,219725912,1,2023-02-12 03:13:05,10
59166467,5229,71579,813248561,1,2023-02-12 03:13:29,10
94789937,5777,98232,961556125,1,2023-02-13 03:13:35,10
17797985,4973,39286,645185832,2,2023-02-13 03:13:58,10
13478943,1946,64318,594533248,1,2023-02-13 03:13:54,10
37381447,9595,54216,252293955,1,2023-02-13 03:13:17,10
76559796,3335,57552,137524726,1,2023-02-14 03:13:59,10
62153423,2743,29676,125112129,2,2023-02-14 03:13:54,10
28146299,7327,56443,881681559,2,2023-02-15 03:13:24,10
11936398,3437,64247,744913684,2,2023-02-15 03:13:32,10
23345267,7256,38732,768927982,1,2023-02-16 03:13:55,10
37811771,4355,86196,287284592,2,2023-02-16 03:13:09,10
44175788,4355,86196,796493463,1,2023-02-16 03:13:17,10
18836954,2776,54787,439295728,2,2023-02-16 03:13:06,10
39769578,5386,75859,528627411,2,2023-02-17 03:13:49,10
66767113,1919,69979,426841821,2,2023-02-17 03:13:46,10
99657135,4763,16691,949427685,1,2023-02-18 03:13:37,10
65326187,2636,73639,292999178,2,2023-02-19 03:13:46,10
88763792,9357,59657,621596557,2,2023-02-20 03:13:06,10
75858664,7883,11147,632558332,1,2023-02-21 03:13:33,10
85959547,9859,87666,262195332,2,2023-02-21 03:13:13,10
68337762,6265,98747,499248988,2,2023-02-22 03:13:48,10
75311666,2189,66151,726911942,2,2023-02-22 03:13:20,9
71129257,5566,49427,699264388,2,2023-02-22 03:13:36,10
14739657,8284,32831,484289597,2,2023-02-22 03:13:11,10
47663148,6786,23816,179493137,2,2023-02-22 03:13:20,10
68664679,6957,36371,132376542,2,2023-02-22 03:13:49,10
84719954,4179,93217,773272119,2,2023-02-22 03:13:12,10
77252423,2842,97238,232796682,2,2023-02-23 03:13:53,10
39557688,6469,42969,845541591,2,2023-02-24 03:13:18,10
42852232,9374,79464,999657317,2,2023-02-24 03:13:33,10
95394771,6337,53265,945738122,2,2023-02-25 03:13:19,3
53546185,9859,87666,735362471,1,2023-02-25 03:13:42,9
27391226,4824,97656,736422888,2,2023-02-26 03:13:00,10
34568353,6265,98747,441513893,1,2023-02-26 03:13:31,10
46763581,8393,76499,944286672,1,2023-02-26 03:13:14,10
44934948,3372,46435,873794269,2,2023-02-26 03:13:20,10
61877987,6293,15439,845965245,1,2023-02-26 03:13:19,10
51752389,1862,74917,211392438,2,2023-02-26 03:13:05,10
28629984,8515,91598,275972548,2,2023-02-26 03:13:57,10
36416188,5276,87479,126772937,2,2023-02-26 03:13:30,10
16987442,2636,73639,648878623,1,2023-02-26 03:13:47,10
48419655,4763,16691,836938894,2,2023-02-27 03:13:12,10
19777848,9819,54926,874173279,1,2023-02-27 03:13:31,10
49737855,6757,62926,329263863,1,2023-02-27 03:13:14,3
78137198,7842,15293,259474357,2,2023-02-27 03:13:47,10
28662382,5168,49524,911532159,1,2023-02-27 03:13:21,10
32347249,8485,39343,117585872,2,2023-02-28 03:13:05,10
84515248,1946,64318,997885482,2,2023-02-28 03:13:10,10
89937769,2171,93721,491779468,2,2023-02-28 03:13:25,10
94769334,1134,39577,741491368,1,2023-03-01 03:13:46,5
91784959,8764,38813,575347911,1,2023-03-02 03:13:50,10
75647873,1841,65524,489265914,2,2023-03-03 03:13:41,10
12946514,7864,58394,354452927,2,2023-03-03 03:13:17,10
19651312,2746,61372,291551974,1,2023-03-03 03:13:03,8
52947317,3446,21582,877298854,2,2023-03-04 03:13:16,7
83671294,1341,59287,723595173,2,2023-03-04 03:13:48,10
55481758,9214,18548,922839229,1,2023-03-04 03:13:16,10
27376521,3975,96786,439364292,2,2023-03-05 03:13:38,10
46945395,9656,77931,817686528,2,2023-03-05 03:13:29,10
57119455,5331,95355,298123416,2,2023-03-05 03:13:49,10
73742989,8431,22894,256983112,1,2023-03-05 03:13:10,10
64532232,3889,75261,917958527,1,2023-03-05 03:13:40,10
92689567,4414,78212,129412851,1,2023-03-06 03:13:14,10
34963979,1881,71647,438285825,1,2023-03-06 03:13:36,10
63152841,7312,51961,652632871,1,2023-03-07 03:13:25,10
49947845,4494,71387,551763236,1,2023-03-08 03:13:22,4
85169452,5925,43947,711416146,2,2023-03-09 03:13:13,10
16184711,3324,87955,161682135,2,2023-03-09 03:13:10,10
86645458,1841,65524,184695497,1,2023-03-09 03:13:52,10
76895639,9859,97864,749276111,2,2023-03-09 03:13:50,10
83695592,7319,11419,457822743,1,2023-03-10 03:13:30,10
19834925,1174,55345,399441822,1,2023-03-10 03:13:09,10
54619233,2924,78485,292613846,2,2023-03-10 03:13:06,10
46396253,3452,81331,715994641,1,2023-03-10 03:13:28,10
73636738,7312,51961,851127652,1,2023-03-10 03:13:13,10
83238359,7319,11419,944759975,2,2023-03-10 03:13:07,10
21687724,6132,56415,339914763,1,2023-03-10 03:13:01,10
34732657,8261,12861,956983258,1,2023-03-10 03:13:27,10
32522883,6517,76291,177889273,1,2023-03-11 03:13:24,10
79866186,1489,25326,717522925,2,2023-03-12 03:13:46,10
12733412,3562,25311,124967827,1,2023-03-12 03:13:30,10
34799732,2975,78334,831847627,1,2023-03-12 03:13:06,10
51791886,5892,35878,476137897,1,2023-03-12 03:13:15,10
77898335,7312,51961,488473359,1,2023-03-13 03:13:04,10
37512821,2952,85686,229147946,2,2023-03-14 03:13:00,10
29938747,1341,59287,529371412,1,2023-03-14 03:13:15,10
52735538,9755,53769,812958661,2,2023-03-14 03:13:17,2
18721874,2832,94163,236411197,1,2023-03-14 03:13:41,10
45532664,5137,29163,924814175,2,2023-03-15 03:13:58,10
96579652,6768,18197,593821515,2,2023-03-15 03:13:04,10
65945984,2366,51287,537744261,1,2023-03-15 03:13:45,10
27336896,7937,78859,795252239,2,2023-03-15 03:13:34,5
96253633,2952,85686,715664442,1,2023-03-16 03:13:52,10
91184894,1283,69441,114158273,1,2023-03-16 03:13:13,10
34417336,4886,76181,746146371,1,2023-03-18 03:13:28,1
25974349,1177,81764,398393725,1,2023-03-18 03:13:43,10
44969742,1177,81764,477836894,2,2023-03-19 03:13:52,10
99817536,2397,52575,162979697,1,2023-03-19 03:13:50,10
26184657,8431,22894,871284474,1,2023-03-20 03:13:46,10
66261934,2552,12455,126264683,1,2023-03-22 03:13:56,10
56922829,6515,48725,666624739,1,2023-03-23 03:13:26,10
45964368,5614,22857,852581689,1,2023-03-23 03:13:13,10
79317592,1825,92852,766638753,1,2023-03-24 03:13:17,10
18824939,7171,24914,286538275,2,2023-03-25 03:13:20,10
44296254,8416,34287,559269794,2,2023-03-25 03:13:36,10
36299678,5331,95355,458438218,2,2023-03-26 03:13:06,10
93229639,6517,76291,476683488,1,2023-03-27 03:13:45,10
48674944,9119,71667,868563686,2,2023-03-28 03:13:42,10
82781525,1586,26377,267748155,1,2023-03-28 03:13:37,10
49226668,9841,19652,665674445,1,2023-03-28 03:13:23,10
86567935,5858,52939,846243265,1,2023-03-28 03:13:21,10
79882362,1775,41848,964991934,1,2023-03-28 03:13:47,10
63411417,9841,19652,428193891,2,2023-03-28 03:13:30,10
76139711,7366,95714,912965749,2,2023-03-29 03:13:47,10
26129435,4663,34159,678692933,2,2023-03-29 03:13:38,10
34377943,5243,44779,528985219,1,2023-03-29 03:13:31,10
89548763,5614,22857,632526596,1,2023-03-29 03:13:41,10
86481887,1363,58469,851122274,2,2023-03-29 03:13:43,10
31887635,1881,71647,782649929,2,2023-03-29 03:13:35,10
17615946,3315,77145,848715446,1,2023-03-29 03:13:48,10
32789465,9214,18548,866943671,2,2023-03-30 03:13:57,1
61342726,6879,88233,513441776,1,2023-03-30 03:13:59,10
59735585,5137,29163,958664185,2,2023-03-30 03:13:25,10
37215346,6882,33228,314245231,1,2023-03-31 03:13:34,5
35751314,8697,58743,497317365,2,2023-04-01 03:13:24,10
47334363,5912,93891,634744357,1,2023-04-01 03:13:50,10
52616333,5449,87136,812878596,1,2023-04-02 03:13:26,10
99482272,1573,93536,896969557,2,2023-04-03 03:13:37,10
87594916,1583,63312,471587753,2,2023-04-03 03:13:07,10
83199464,8519,15153,422612232,1,2023-04-03 03:13:30,10
96822674,8471,83951,719331318,2,2023-04-04 03:13:27,10
74392146,2774,21419,681442276,1,2023-04-04 03:13:08,10
94977127,7987,23431,679527358,2,2023-04-04 03:13:48,10
33796455,8471,83951,357257558,2,2023-04-05 03:13:34,10
86971893,6591,74297,474217332,2,2023-04-05 03:13:45,10
79182911,6299,61682,915135911,2,2023-04-05 03:13:18,10
77743692,1847,32526,463371259,2,2023-04-06 03:13:24,10
82554547,6356,11727,822418889,1,2023-04-07 03:13:26,10
22989719,8471,83951,254748497,1,2023-04-07 03:13:49,10
42888344,5613,75726,861328342,1,2023-04-08 03:13:09,10
63188616,3439,67815,376314525,2,2023-04-08 03:13:05,10
62853733,9662,51961,652632871,1,2023-04-08 03:13:36,2
64686579,8229,25432,641297962,2,2023-04-08 03:13:28,10
53582616,5971,26889,572794887,2,2023-04-09 03:13:56,10
91778769,8741,93845,694164767,1,2023-04-09 03:13:23,10
29861469,7913,37698,497946887,1,2023-04-09 03:13:31,10
18614245,2782,39373,976486195,1,2023-04-10 03:13:57,10
82355957,6852,65759,782993145,2,2023-04-10 03:13:51,5
11931467,5199,14654,528573461,1,2023-04-10 03:13:38,4
88832876,5912,93891,483742334,1,2023-04-11 03:13:01,10
49961429,5529,94314,531248493,1,2023-04-11 03:13:29,10
47448515,4534,63858,327471964,1,2023-04-12 03:13:22,10
79924468,2746,34594,835433795,2,2023-04-13 03:13:11,10
26669254,6898,33245,437775879,2,2023-04-13 03:13:58,10
19118937,2582,83291,585837734,1,2023-04-14 03:13:44,10
61255857,7942,89987,369715954,1,2023-04-14 03:13:05,10
33371424,1814,39598,151645873,1,2023-04-14 03:13:25,10
88781213,4481,65885,822296612,1,2023-04-14 03:13:56,10
58858379,5912,93891,359749382,2,2023-04-14 03:13:25,10
28875738,8994,32833,739659735,2,2023-04-15 03:13:27,10
22845211,5197,34249,917962479,2,2023-04-15 03:13:02,10
39125689,6898,33245,888753515,1,2023-04-16 03:13:06,10
14324417,6591,74297,981981462,2,2023-04-16 03:13:13,10
45943163,8339,97845,696261211,2,2023-04-17 03:13:54,10
28348111,8697,58743,798574316,2,2023-04-17 03:13:12,10
46154796,5516,57591,142795871,1,2023-04-18 03:13:54,10
42451481,2127,18935,474549874,2,2023-04-19 03:13:12,10
18823898,1214,56715,836342533,1,2023-04-19 03:13:31,10
62384799,7482,71779,379216952,2,2023-04-20 03:13:11,10
94716439,3562,68255,429451823,2,2023-04-21 03:13:56,10
24322564,1473,53199,836842239,1,2023-04-21 03:13:43,10
37581272,2227,87327,446854726,2,2023-04-21 03:13:28,10
33248293,2591,45176,111629968,1,2023-04-22 03:13:39,10
23899867,9538,71273,949435314,2,2023-04-22 03:13:05,10
19323992,5971,26889,395349494,2,2023-04-22 03:13:06,10
27828799,8229,25432,876138755,2,2023-04-23 03:13:32,10
14792369,1483,92445,198352921,1,2023-04-23 03:13:48,10
42235855,7965,24997,433979683,1,2023-04-23 03:13:15,10
19823666,2389,39947,694863492,2,2023-04-23 03:13:29,10
68963329,1547,16153,184832724,1,2023-04-23 03:13:30,10
76221717,9662,51961,488473359,1,2023-04-23 03:13:53,10
15648184,2389,39947,261287723,2,2023-04-23 03:13:43,10
72526241,4266,68453,234263646,2,2023-04-24 03:13:39,10
39312771,2782,39373,675988923,2,2023-04-24 03:13:48,10
46363118,6898,33245,894627121,2,2023-04-25 03:13:28,10
75858329,9429,11976,496467813,2,2023-04-25 03:13:46,10
14521973,9662,51961,851127652,1,2023-04-26 03:13:34,10
63886825,5346,96611,726144487,1,2023-04-26 03:13:39,10
42544177,1934,42744,322613595,2,2023-04-26 03:13:24,10
78939717,5199,14654,752536449,1,2023-04-26 03:13:48,10
98167775,8575,76155,742145946,2,2023-04-26 03:13:30,10
81459317,8836,17121,338242896,2,2023-04-27 03:13:56,10
23546251,7889,26713,386338198,2,2023-04-27 03:13:20,10
75582444,1814,39598,132475567,2,2023-04-27 03:13:15,10
73726513,9124,25213,681218744,1,2023-04-27 03:13:07,10
68233254,5364,36855,311952421,2,2023-04-28 03:13:21,10
81288588,5346,96611,349667224,1,2023-04-28 03:13:45,4
35797457,2133,19541,377156681,1,2023-04-28 03:13:41,10
52467998,1555,87895,634458761,2,2023-04-29 03:13:02,10
21353353,1144,19261,163932461,1,2023-04-29 03:13:03,7
17298566,4459,43926,997386756,1,2023-04-30 03:13:03,10
68396465,2591,45176,955185754,1,2023-04-30 03:13:23,10
22859114,8519,15153,214683198,2,2023-04-30 03:13:21,10
35795429,2423,88895,335728395,2,2023-05-01 03:13:26,10
18695357,9558,54135,339586254,1,2023-05-01 03:13:53,10
85349181,6649,68117,624173211,2,2023-05-01 03:13:19,10
48652646,8566,12483,333696652,1,2023-05-01 03:13:14,10
83484321,1726,36264,823644888,1,2023-05-01 03:13:22,10
67983266,1843,11463,618386777,2,2023-05-02 03:13:24,10
39814337,1945,48511,744152116,1,2023-05-04 03:13:15,7
65182788,9251,17666,587155864,1,2023-05-04 03:13:00,10
61693458,1592,69333,963138669,1,2023-05-04 03:13:48,10
39678343,8239,47358,927462643,1,2023-05-04 03:13:52,10
81941212,1699,44737,851293951,2,2023-05-04 03:13:13,10
78477416,2283,97682,151599859,2,2023-05-05 03:13:37,10
61957711,6422,61271,438944844,2,2023-05-05 03:13:04,10
38216612,5544,24685,728958417,2,2023-05-05 03:13:08,10
91925967,7279,48337,321776948,2,2023-05-05 03:13:40,10
84487922,4615,68932,941483315,2,2023-05-06 03:13:50,10
86896461,4615,68932,847768689,2,2023-05-06 03:13:11,10
45553178,2769,27827,117581538,2,2023-05-06 03:13:31,10
24963976,1636,96858,251859396,2,2023-05-06 03:13:00,10
18864567,3974,65159,177398768,1,2023-05-06 03:13:44,10
77634577,7172,63298,411658227,2,2023-05-06 03:13:55,10
15652223,5145,94375,351355753,1,2023-05-06 03:13:39,8
59428786,8918,74248,745288168,1,2023-05-07 03:13:06,10
72223351,4981,15731,338839432,2,2023-05-07 03:13:38,10
56135369,1699,44737,427862212,2,2023-05-07 03:13:36,10
12318123,4115,28232,786547659,2,2023-05-07 03:13:25,10
48657162,5511,54216,491787387,1,2023-05-08 03:13:59,10
86283845,9678,36139,255854411,1,2023-05-08 03:13:45,10
46646298,5231,36982,444793311,2,2023-05-08 03:13:13,10
43961358,1945,48511,476574621,1,2023-05-08 03:13:25,6
83979463,7282,29169,796237956,2,2023-05-08 03:13:50,10
67673691,8988,53581,913656512,2,2023-05-08 03:13:14,10
69372844,4115,28232,628452784,1,2023-05-09 03:13:59,10
34672636,2898,98981,796358313,2,2023-05-10 03:13:50,6
74735616,9145,22292,888676685,2,2023-05-10 03:13:35,1
22928652,1817,88859,654692675,1,2023-05-11 03:13:33,10
89238144,8868,79283,636946594,2,2023-05-11 03:13:34,10
31444835,9913,89464,799856191,1,2023-05-13 03:13:23,10
72715234,2358,81657,251612136,2,2023-05-13 03:13:30,2
64536823,8884,28792,114591633,2,2023-05-13 03:13:25,10
65634689,9369,56616,164628398,1,2023-05-13 03:13:33,10
67319117,7524,69638,333271161,1,2023-05-14 03:13:36,10
92959412,7279,48337,531117113,2,2023-05-17 03:13:08,10
38286158,5511,54216,252293955,1,2023-05-17 03:13:30,10
69995244,4615,68932,383478799,1,2023-05-17 03:13:20,10
34483557,4324,73134,222643874,1,2023-05-17 03:13:41,10
33329988,3756,23114,571252496,1,2023-05-19 03:13:06,10
86767793,2283,97682,824751673,2,2023-05-19 03:13:16,10
78841727,6229,95135,674484232,2,2023-05-21 03:13:34,10
97117576,9558,54135,759266838,2,2023-05-21 03:13:46,10
61339245,2898,98981,829565789,2,2023-05-22 03:13:13,10
36536376,2268,81778,636811711,2,2023-05-22 03:13:20,10
45676519,6377,49891,535915996,2,2023-05-23 03:13:53,10
45291331,1872,32118,488785188,1,2023-05-23 03:13:18,10
78431634,7998,94228,223123418,1,2023-05-23 03:13:40,10
58179716,1117,28297,661889665,2,2023-05-24 03:13:05,10
61454714,1726,36264,114938444,1,2023-05-24 03:13:52,10
49675276,4517,53852,672489649,2,2023-05-24 03:13:31,10
59311465,8883,71635,533783859,1,2023-05-24 03:13:51,10
67437992,5231,36982,786211511,2,2023-05-27 03:13:29,10
35675536,8933,16759,292762439,2,2023-05-27 03:13:05,10
61233871,5188,22795,353841322,2,2023-05-27 03:13:02,10
11971947,8326,28352,825972312,1,2023-05-27 03:13:21,10
59634184,7432,75239,763793894,2,2023-05-28 03:13:28,10
16228392,9274,75826,846874255,1,2023-05-28 03:13:03,10
17498677,5188,22795,842953753,1,2023-05-28 03:13:07,10
85477347,1758,68155,242368844,1,2023-05-28 03:13:17,10
22975325,3339,98341,265418997,1,2023-05-28 03:13:58,10
68416958,7332,64136,386848428,2,2023-05-29 03:13:30,7
99381962,8326,28352,533693944,1,2023-05-29 03:13:16,10
76817323,3832,54637,621911467,2,2023-05-30 03:13:10,10
86727417,4912,87895,634458761,2,2023-05-30 03:13:41,10
54422712,7163,84994,447244294,2,2023-05-31 03:13:30,10
73135151,9678,36139,689249786,1,2023-05-31 03:13:43,10
83818143,1954,19334,727188915,1,2023-05-31 03:13:10,0
27463666,1148,73116,117372815,1,2023-06-01 03:13:15,10
69299448,7424,39286,645185832,2,2023-06-01 03:13:45,10
97852112,7724,83651,732672922,1,2023-06-02 03:13:09,10
74393383,5238,69979,426841821,2,2023-06-02 03:13:41,10
38115833,9274,17928,434675862,2,2023-06-02 03:13:03,10
31393635,6436,18885,378838398,1,2023-06-02 03:13:38,10
49179587,8193,38959,897748123,2,2023-06-03 03:13:05,10
97535945,4359,15643,338155235,2,2023-06-03 03:13:35,10
27254791,3384,76186,964759597,2,2023-06-03 03:13:28,10
87555915,9689,85797,872755174,2,2023-06-03 03:13:50,10
58243814,8561,13421,442492392,2,2023-06-04 03:13:23,10
92777975,6581,62697,935359928,2,2023-06-05 03:13:47,10
36721992,1983,38372,541635532,1,2023-06-05 03:13:34,10
83794889,5394,93419,756875642,1,2023-06-06 03:13:43,10
64122373,3149,95484,652184618,1,2023-06-07 03:13:22,10
33612746,5224,56997,128742817,2,2023-06-07 03:13:09,10
13651278,1148,73116,158956477,1,2023-06-08 03:13:41,10
34767939,4446,81794,915617987,1,2023-06-08 03:13:21,10
58348732,4179,93494,325688964,2,2023-06-08 03:13:10,10
11526213,3622,67239,455567213,2,2023-06-09 03:13:08,10
44561166,6876,94294,429637578,2,2023-06-11 03:13:59,10
41239297,6739,88744,398982697,2,2023-06-11 03:13:33,10
72395777,9991,34212,775617783,2,2023-06-11 03:13:02,10
26155499,4492,99146,221284397,2,2023-06-12 03:13:22,10
18929851,1349,38238,436529564,2,2023-06-12 03:13:09,10
96297856,2478,27952,256364313,2,2023-06-12 03:13:47,5
37128812,2472,52688,677432848,1,2023-06-13 03:13:17,10
89314248,3673,17822,916931873,1,2023-06-13 03:13:20,10
62641252,4446,81794,627262595,2,2023-06-14 03:13:42,10
41692371,3414,11679,159914325,1,2023-06-14 03:13:18,10
56827453,3897,15877,639512243,1,2023-06-15 03:13:56,10
55549235,5336,16582,186986641,2,2023-06-15 03:13:15,10
69826558,3673,17822,788964586,2,2023-06-15 03:13:49,10
39448722,9465,38387,839912945,2,2023-06-15 03:13:28,10
79822496,6654,81661,783385282,1,2023-06-16 03:13:59,4
93288991,6249,53481,932225864,1,2023-06-16 03:13:18,10
83537671,1975,92118,812914588,2,2023-06-16 03:13:35,10
89279792,3141,52661,134271769,1,2023-06-17 03:13:27,10
53382457,4234,51741,358475855,2,2023-06-17 03:13:08,10
75342746,8839,49273,955367684,1,2023-06-17 03:13:33,10
44366661,2868,48267,486717836,2,2023-06-18 03:13:44,10
92872729,9274,17928,995811443,2,2023-06-18 03:13:11,10
51759848,6238,91747,418167276,2,2023-06-18 03:13:48,10
62321876,8452,35217,995127523,2,2023-06-19 03:13:42,10
49411583,4354,48597,646117857,1,2023-06-20 03:13:06,10
96854167,2828,17974,758539654,2,2023-06-20 03:13:55,10
32571318,5647,72577,479297248,1,2023-06-21 03:13:34,10
54518832,7672,33685,271579534,2,2023-06-21 03:13:46,10
61831815,8392,48184,149292448,2,2023-06-21 03:13:42,2
81458582,9235,56136,887712666,1,2023-06-21 03:13:25,10
14629827,3646,11362,939358147,1,2023-06-22 03:13:04,10
18543643,4635,93784,733233592,2,2023-06-23 03:13:24,10
19421736,2868,48267,657518958,2,2023-06-24 03:13:34,10
74754912,7298,48384,735632742,1,2023-06-24 03:13:35,10
78313925,2472,52688,369927628,2,2023-06-25 03:13:36,10
56173616,1137,52488,734829786,1,2023-06-25 03:13:50,10
65475931,8839,49273,957295969,1,2023-06-25 03:13:19,10
38187268,2417,81563,627628156,1,2023-06-25 03:13:39,10
58144822,9689,85797,489731815,1,2023-06-26 03:13:01,10
46341313,5257,13446,435186965,2,2023-06-27 03:13:07,10
41138784,4354,48597,823447315,1,2023-06-27 03:13:06,10
93293917,4492,99146,447391988,1,2023-06-27 03:13:37,10
57656365,7746,49492,189881355,1,2023-06-27 03:13:15,10
88732265,1613,17345,495711973,2,2023-06-27 03:13:34,10
72149157,3377,44698,718493377,2,2023-06-28 03:13:02,10
92774293,8229,43926,997386756,1,2023-06-28 03:13:25,10
51854696,1943,81299,661483154,2,2023-06-29 03:13:05,10
22529285,7672,33685,886542169,1,2023-06-29 03:13:39,10
71427955,2417,81563,582153966,2,2023-06-29 03:13:25,10
96148612,3646,11362,416178399,2,2023-06-29 03:13:42,10
81882242,6436,18885,482958996,1,2023-06-29 03:13:50,10
31443183,9572,21656,738936987,1,2023-06-29 03:13:06,10
81638589,7424,39286,128752427,2,2023-06-30 03:13:58,10
76573573,2725,68537,551653362,1,2023-06-30 03:13:31,10
39173224,1963,58567,963497546,1,2023-06-30 03:13:57,10
86633286,3223,45773,943451228,2,2023-07-01 03:13:29,10
91734176,7581,52956,482754946,1,2023-07-03 03:13:06,10
45497848,9742,29857,169987662,1,2023-07-03 03:13:00,10
29562649,1525,53639,787122126,2,2023-07-04 03:13:39,10
97467761,4326,26342,111822115,2,2023-07-04 03:13:41,10
93783761,3636,36364,598942797,1,2023-07-04 03:13:37,10
27865297,4444,48572,297265714,1,2023-07-05 03:13:21,10
62655811,7998,61746,249211384,2,2023-07-05 03:13:22,10
96176534,4495,57677,292312471,1,2023-07-06 03:13:01,7
23676225,1536,39869,562526351,1,2023-07-06 03:13:08,10
58132621,8393,65326,524664988,1,2023-07-08 03:13:52,10
73434687,2852,74539,783917582,1,2023-07-08 03:13:56,10
59533229,5161,82322,754979867,1,2023-07-09 03:13:17,10
88323139,1613,33581,917114464,2,2023-07-09 03:13:08,10
92963283,9591,56254,851439436,2,2023-07-09 03:13:55,10
91789294,6219,93919,921566659,2,2023-07-10 03:13:31,10
56663945,1787,41719,232984566,1,2023-07-10 03:13:17,10
18524753,1596,31917,479586435,1,2023-07-10 03:13:54,10
29365978,8577,24956,814537552,2,2023-07-10 03:13:58,10
31484251,5856,53126,779625528,1,2023-07-10 03:13:53,10
34958727,1595,74339,429486282,2,2023-07-11 03:13:43,10
39552899,2134,94368,129658362,2,2023-07-12 03:13:47,8
12348959,3934,52523,861915921,2,2023-07-12 03:13:15,10
51159732,6259,69312,879429743,1,2023-07-12 03:13:04,10
32638133,9546,24827,983478333,1,2023-07-12 03:13:24,10
89247883,3934,52523,884146242,1,2023-07-13 03:13:41,10
34788435,1596,31917,843165591,1,2023-07-13 03:13:34,10
75878478,5574,15755,281636299,2,2023-07-13 03:13:24,10
82954143,9829,45225,325852669,1,2023-07-13 03:13:32,10
53597456,5567,93782,823243177,1,2023-07-14 03:13:02,10
14136995,2119,81371,227252968,1,2023-07-14 03:13:57,10
45215227,5161,82322,261838229,2,2023-07-15 03:13:55,10
79988116,6997,51884,634771658,1,2023-07-16 03:13:33,10
88615671,1499,53851,833366771,1,2023-07-16 03:13:32,10
37978512,9145,89863,515928486,2,2023-07-16 03:13:18,10
97892638,4175,39438,635833128,1,2023-07-16 03:13:59,10
22176322,5943,42559,159161583,1,2023-07-16 03:13:00,10
67227375,4326,26342,972155272,2,2023-07-17 03:13:46,10
71134669,9214,55623,336523323,1,2023-07-17 03:13:20,10
51692975,4771,45642,267894312,2,2023-07-17 03:13:24,10
47199383,6191,38496,244441969,1,2023-07-18 03:13:13,10
35578834,1474,27436,466666215,2,2023-07-18 03:13:38,1
63987823,1525,53639,479754962,2,2023-07-18 03:13:03,10
21764283,4524,61379,869829323,1,2023-07-19 03:13:50,10
14927858,2237,81251,964769767,1,2023-07-19 03:13:11,10
89421923,6624,14438,119443551,2,2023-07-19 03:13:37,4
43342588,3636,36364,647731183,1,2023-07-20 03:13:20,10
98698644,3791,14835,621887215,1,2023-07-20 03:13:12,10
14998618,9934,72162,767511397,2,2023-07-20 03:13:26,10
54927192,9425,83224,651331527,2,2023-07-20 03:13:33,10
83892261,8999,87514,921987597,2,2023-07-21 03:13:19,10
98311738,2643,83737,838785449,2,2023-07-21 03:13:19,10
32537736,4483,63371,746978932,1,2023-07-21 03:13:12,10
74746622,5586,24754,621771726,2,2023-07-21 03:13:06,10
79586581,9559,63732,887663952,1,2023-07-21 03:13:24,10
13414831,8569,17887,134475766,2,2023-07-21 03:13:31,10
37443536,8999,87514,931336291,1,2023-07-21 03:13:05,10
87329747,6675,66592,927487331,2,2023-07-22 03:13:34,10
18676249,9546,24827,172454342,1,2023-07-22 03:13:29,10
26378776,5876,62589,827736446,1,2023-07-22 03:13:36,10
79785951,6321,78859,795252239,2,2023-07-22 03:13:55,10
65813862,3759,27773,852453984,1,2023-07-23 03:13:37,10
76834232,1536,39869,737519794,1,2023-07-23 03:13:33,10
36922976,2134,94368,888988397,2,2023-07-24 03:13:34,4
67158926,8577,24956,262317488,2,2023-07-24 03:13:06,10
82546843,4495,57677,192196173,1,2023-07-25 03:13:53,10
43666232,6796,16691,949427685,1,2023-07-26 03:13:25,10
42445213,4524,61379,469344893,1,2023-07-27 03:13:50,10
83723579,2632,77882,146941517,2,2023-07-28 03:13:27,10
45857555,9974,13955,342549382,1,2023-07-28 03:13:37,10
41769535,5586,24754,568425835,2,2023-07-28 03:13:47,10
18851312,2237,81251,247664682,1,2023-07-29 03:13:53,10
11912712,6796,16691,836938894,2,2023-07-29 03:13:09,10
13735787,4477,74197,979455933,1,2023-07-29 03:13:57,10
28365846,1596,31917,484465567,2,2023-07-30 03:13:07,10
25434331,4757,74863,676145783,2,2023-07-31 03:13:44,10
35558199,7535,19814,454651814,2,2023-07-31 03:13:51,10
56922846,7774,42319,359673183,2,2023-08-01 03:13:28,10
52795862,3326,12854,142675258,1,2023-08-01 03:13:36,7
65985166,8383,26691,455414516,1,2023-08-01 03:13:14,10
52379471,3723,83141,169826478,1,2023-08-01 03:13:53,10
58757296,3756,53963,244364558,1,2023-08-01 03:13:32,10
82723394,9838,38317,881653456,2,2023-08-02 03:13:03,10
66763628,7488,28677,464687282,2,2023-08-02 03:13:34,10
97666781,8383,26691,345957921,1,2023-08-03 03:13:18,10
52639739,4484,17134,288726489,1,2023-08-03 03:13:12,10
71268336,2677,87769,969196876,1,2023-08-03 03:13:09,10
34777174,2677,87769,729935791,1,2023-08-03 03:13:05,10
12533182,2124,77261,692228348,2,2023-08-03 03:13:00,10
57876824,6515,14383,683274628,1,2023-08-04 03:13:40,10
82669657,4425,58164,335874774,1,2023-08-04 03:13:14,10
37417918,9923,74347,927934378,2,2023-08-04 03:13:44,10
68359446,5236,72951,899495239,1,2023-08-05 03:13:26,4
79131661,8678,24493,497885287,1,2023-08-05 03:13:21,10
82821458,6435,42828,815783753,1,2023-08-05 03:13:53,10
87237181,8512,32615,191552276,2,2023-08-05 03:13:26,10
71923296,4993,82311,284666125,2,2023-08-06 03:13:48,10
55971294,8321,76871,597963618,2,2023-08-07 03:13:51,10
11182548,3848,16124,643369988,1,2023-08-08 03:13:11,10
44415652,8262,57836,642183815,2,2023-08-08 03:13:09,10
27518813,1765,69365,753989621,1,2023-08-08 03:13:35,10
17648492,8839,89236,634978244,2,2023-08-09 03:13:16,10
88241356,2976,26664,386861725,1,2023-08-09 03:13:48,10
41543314,4893,56698,186831266,1,2023-08-10 03:13:15,10
85768539,3661,77397,449468531,2,2023-08-12 03:13:57,10
98149662,8882,24487,284576972,2,2023-08-12 03:13:12,10
94214723,8424,28641,114768156,1,2023-08-13 03:13:15,10
22672276,5298,26229,752129439,2,2023-08-13 03:13:26,10
63529882,9221,86794,984834953,2,2023-08-14 03:13:14,10
43819439,8213,53265,945738122,2,2023-08-15 03:13:45,10
29229621,1729,87783,491994424,2,2023-08-15 03:13:54,3
79435215,9438,71635,533783859,1,2023-08-15 03:13:10,10
69187389,7118,65989,424465747,1,2023-08-17 03:13:55,10
99743759,9591,65176,988812962,1,2023-08-17 03:13:38,10
19828495,5423,28816,715852712,1,2023-08-17 03:13:30,10
56122644,9945,59649,224451457,2,2023-08-18 03:13:35,1
93726637,7296,27342,685145167,2,2023-08-18 03:13:38,10
73237892,7939,55219,211557561,1,2023-08-18 03:13:23,10
33165346,2369,93775,857758497,2,2023-08-18 03:13:43,10
82286885,4636,58931,493618818,1,2023-08-19 03:13:09,10
37276138,9162,96645,512728578,2,2023-08-19 03:13:53,10
85993443,2124,77261,953143543,2,2023-08-19 03:13:00,10
94676581,9591,65176,464326127,2,2023-08-20 03:13:36,10
22479327,2448,97956,559893727,1,2023-08-20 03:13:40,10
24259386,3877,17579,374922622,2,2023-08-20 03:13:43,10
58862993,9858,99271,169838297,1,2023-08-22 03:13:31,10
91475226,7489,72372,456372352,1,2023-08-22 03:13:18,10
13432994,8889,42284,317693229,1,2023-08-23 03:13:48,10
66276731,8515,71338,961558711,1,2023-08-23 03:13:44,10
66438542,9264,38459,195272934,2,2023-08-23 03:13:22,4
31317819,6368,52273,782186243,2,2023-08-23 03:13:03,10
26241873,6538,55889,414688817,1,2023-08-24 03:13:32,10
23498921,8996,96635,887398511,1,2023-08-24 03:13:25,10
46934881,6368,52273,883633339,2,2023-08-26 03:13:59,10
99888937,8263,34776,894364222,1,2023-08-26 03:13:42,10
85355924,4993,82311,428926521,2,2023-08-26 03:13:34,10
35769349,6261,33292,799447999,1,2023-08-27 03:13:54,10
93173295,3723,83141,592833693,1,2023-08-27 03:13:20,10
96218444,2876,81519,178624718,1,2023-08-28 03:13:59,10
57583686,6567,89791,478913948,2,2023-08-28 03:13:50,10
83786886,3566,31568,331436151,1,2023-08-29 03:13:25,10
92118415,4259,55848,298346976,2,2023-08-29 03:13:14,10
68879481,5294,29784,548772972,1,2023-08-29 03:13:57,10
76923831,3613,65373,132338966,1,2023-08-31 03:13:12,10
81217829,9264,38459,243237449,2,2023-08-31 03:13:15,10
66481147,1376,95813,958938729,1,2023-09-01 03:13:59,10
17227314,1151,34488,245879269,1,2023-09-01 03:13:19,10
32387676,6137,55656,891812744,2,2023-09-01 03:13:50,10
64881855,5785,59383,521943228,2,2023-09-01 03:13:33,1
38143594,2666,28552,616365278,2,2023-09-02 03:13:11,10
91595563,6836,75591,836751737,1,2023-09-02 03:13:40,10
27153338,8885,37963,297164785,1,2023-09-02 03:13:48,10
24349877,7644,88729,718978573,1,2023-09-02 03:13:20,0
42774526,1875,14557,821584122,2,2023-09-03 03:13:57,10
55184111,6964,74575,185196775,1,2023-09-03 03:13:58,10
23429934,9593,48668,118557885,2,2023-09-04 03:13:23,10
76998947,4536,96573,762149217,2,2023-09-05 03:13:04,10
96336727,1266,21367,649955525,2,2023-09-05 03:13:17,10
12933247,7639,49825,892154217,2,2023-09-06 03:13:48,7
57449585,1974,76924,378912546,1,2023-09-06 03:13:56,3
94645856,9196,98224,445654759,1,2023-09-07 03:13:31,4
73123915,4942,93858,251959712,2,2023-09-07 03:13:42,10
46948911,7634,98317,136195512,2,2023-09-08 03:13:18,7
17361168,3495,34161,232148726,1,2023-09-08 03:13:24,6
22667732,3974,42169,514942266,1,2023-09-09 03:13:41,10
39822889,5537,54711,892136825,1,2023-09-09 03:13:14,10
41434619,8879,21386,322538958,1,2023-09-10 03:13:09,10
52552862,9882,32783,327156668,2,2023-09-10 03:13:39,10
92654782,7459,28936,829487658,1,2023-09-11 03:13:51,10
37931885,9242,77177,632421247,2,2023-09-11 03:13:04,10
42553143,5971,73612,577756576,2,2023-09-11 03:13:39,10
25594566,4942,93858,618385256,1,2023-09-11 03:13:19,10
51538123,1266,21367,154599611,2,2023-09-13 03:13:08,10
62937357,8551,37389,332932956,1,2023-09-13 03:13:01,5
59841963,2466,35641,982556933,1,2023-09-14 03:13:48,10
38462397,3979,11855,788982574,2,2023-09-14 03:13:16,6
79594888,3431,43374,743667892,2,2023-09-14 03:13:46,10
63448643,1832,62126,473197537,2,2023-09-14 03:13:34,10
73178532,8933,76434,723616715,1,2023-09-14 03:13:34,1
78618399,6714,76591,372223864,2,2023-09-15 03:13:52,3
93985397,3647,46537,364173641,2,2023-09-16 03:13:30,10
93498512,6175,59597,716531455,2,2023-09-16 03:13:28,10
43714396,9322,54641,341347348,1,2023-09-16 03:13:27,0
26871566,8563,51345,259648655,1,2023-09-16 03:13:26,10
33312323,7187,28721,466712878,1,2023-09-16 03:13:44,10
29899873,7376,31633,896244142,2,2023-09-18 03:13:36,10
61316168,9191,25992,431989235,2,2023-09-18 03:13:09,10
67798255,2774,31216,952421746,2,2023-09-18 03:13:44,10
42632572,9882,32783,529761564,1,2023-09-19 03:13:27,10
67557486,2157,56247,516439734,2,2023-09-19 03:13:44,10
91977641,6558,22318,751576899,1,2023-09-19 03:13:39,10
67614766,8977,27947,226952416,2,2023-09-19 03:13:05,2
57379634,7312,64177,637661912,2,2023-09-20 03:13:31,10
29165886,6378,31456,788425591,2,2023-09-21 03:13:35,10
18947979,5785,59383,418673239,1,2023-09-21 03:13:26,10
39124318,6137,55656,856432232,1,2023-09-22 03:13:26,10
77886549,4877,24482,835134678,1,2023-09-22 03:13:27,10
65831566,2128,77694,821298555,2,2023-09-22 03:13:42,10
16981163,4368,42818,848557127,2,2023-09-23 03:13:49,10
43633218,2952,68155,242368844,1,2023-09-24 03:13:54,10
75529587,9614,78893,472918299,2,2023-09-24 03:13:26,10
73411471,5624,98797,751888583,2,2023-09-24 03:13:08,10
72938583,3974,42169,173548938,1,2023-09-24 03:13:54,10
28169331,4368,42818,188454675,2,2023-09-25 03:13:41,10
56372499,6632,32615,191552276,2,2023-09-25 03:13:40,10
94975675,8132,62717,323621344,2,2023-09-25 03:13:39,10
92424488,1545,35548,894249878,1,2023-09-26 03:13:54,10
57687592,1151,34488,174382673,2,2023-09-26 03:13:05,10
96927279,7291,75561,797215768,2,2023-09-28 03:13:53,10
58486822,4682,29971,416849564,2,2023-09-28 03:13:12,10
91248814,7459,28936,545912316,1,2023-09-28 03:13:23,10
86699255,2666,28552,128286773,1,2023-09-29 03:13:43,3
99928514,7785,42424,716924299,2,2023-09-29 03:13:23,10
18285826,6696,47152,453184428,1,2023-09-29 03:13:24,10
73493347,9627,76313,636246734,1,2023-09-29 03:13:04,10
34391836,4877,24482,253375951,2,2023-09-30 03:13:05,6
45327999,6734,49559,581629482,1,2023-10-01 03:13:47,3
11285914,8166,27658,866921512,2,2023-10-01 03:13:15,10
62251783,7546,97428,143463598,1,2023-10-02 03:13:29,10
77981414,5346,65176,464326127,2,2023-10-02 03:13:29,10
46211219,3127,22672,129192674,1,2023-10-02 03:13:14,10
19797131,8732,86411,928452665,1,2023-10-03 03:13:12,10
79238425,7387,78766,897394447,2,2023-10-03 03:13:51,10
16525647,5432,59383,521943228,2,2023-10-04 03:13:22,10
67961574,6332,28976,886975497,2,2023-10-04 03:13:55,10
39165499,1151,98263,567359216,1,2023-10-04 03:13:53,10
44625352,9944,11147,324544398,1,2023-10-04 03:13:57,10
58979191,9437,39373,675988923,2,2023-10-06 03:13:07,10
98744897,3777,45869,955682179,1,2023-10-06 03:13:02,10
45929532,9294,35217,995127523,2,2023-10-07 03:13:57,10
57719414,9981,36487,351323459,1,2023-10-07 03:13:10,10
29197771,6529,56644,556614424,1,2023-10-08 03:13:34,10
83693734,7537,18316,723212752,1,2023-10-08 03:13:23,10
97347955,6529,56644,754726953,2,2023-10-09 03:13:14,10
18428358,5179,33245,888753515,1,2023-10-09 03:13:17,10
51934161,6442,36952,628854342,2,2023-10-09 03:13:55,10
77869191,7737,36836,279137278,1,2023-10-10 03:13:26,10
28241557,9437,39373,976486195,1,2023-10-10 03:13:15,6
21723369,9816,35856,339661366,1,2023-10-10 03:13:26,10
35831654,7714,78352,487799413,1,2023-10-10 03:13:41,10
51626828,3872,23738,937422567,2,2023-10-10 03:13:55,9
34161883,9931,34175,681593547,2,2023-10-11 03:13:02,10
47156851,9169,92753,649368854,2,2023-10-11 03:13:51,10
59832176,8166,27658,525678186,2,2023-10-12 03:13:35,10
81593637,1946,49784,668677999,1,2023-10-13 03:13:16,10
35343715,1737,47132,499668734,1,2023-10-13 03:13:44,10
22884955,6882,37161,662122353,1,2023-10-14 03:13:41,10
55155781,4572,35149,283449755,2,2023-10-14 03:13:39,10
24634916,5892,16268,556359716,1,2023-10-14 03:13:28,10
17126363,7818,33768,292852796,2,2023-10-15 03:13:14,10
88611377,5788,16755,596823518,1,2023-10-15 03:13:23,4
79768298,7714,78352,925169566,2,2023-10-15 03:13:37,10
98143291,5254,46994,216875689,1,2023-10-16 03:13:39,10
27644824,6529,56644,422976925,2,2023-10-16 03:13:17,10
73298776,1262,69526,783466885,1,2023-10-16 03:13:16,10
52368955,5346,65176,988812962,1,2023-10-17 03:13:32,10
23453755,7676,63395,932179691,1,2023-10-17 03:13:24,10
33333869,5432,59383,418673239,1,2023-10-17 03:13:26,10
11963816,2881,56149,331651814,2,2023-10-17 03:13:37,10
91473939,8789,37396,432786682,2,2023-10-18 03:13:51,10
93542927,9273,93217,773272119,2,2023-10-18 03:13:50,10
53533567,2881,56149,644367229,2,2023-10-19 03:13:53,3
58576543,9944,11147,632558332,1,2023-10-19 03:13:36,10
96956319,9558,66399,227451796,2,2023-10-19 03:13:10,10
13576312,8149,42287,827719729,1,2023-10-20 03:13:44,10
14688476,9273,93217,516169244,2,2023-10-20 03:13:09,10
96296215,4411,84614,715653429,2,2023-10-20 03:13:00,9
62296831,6882,37161,465251664,1,2023-10-20 03:13:39,10
39972355,1737,47132,385282397,2,2023-10-20 03:13:12,10
32845526,3777,45869,288834424,1,2023-10-21 03:13:15,10
67258586,5984,43938,466828231,2,2023-10-21 03:13:26,10
34483553,9157,34588,574689149,1,2023-10-21 03:13:03,10
38831767,6529,56644,766492773,1,2023-10-21 03:13:48,10
64754468,6383,51448,854476337,2,2023-10-22 03:13:27,10
73267535,9432,94847,395929271,2,2023-10-22 03:13:58,10
14559559,9346,75144,458588166,1,2023-10-23 03:13:46,1
45967485,5179,33245,894627121,2,2023-10-23 03:13:51,10
64815712,8413,65142,731271412,2,2023-10-23 03:13:11,10
76575664,3735,81441,283888543,1,2023-10-24 03:13:51,10
75619955,6183,78212,129412851,1,2023-10-24 03:13:42,5
29951973,9651,22935,885938732,2,2023-10-25 03:13:16,10
43124777,9894,41238,736218529,1,2023-10-25 03:13:55,10
74957441,7128,88147,254122399,1,2023-10-25 03:13:17,10
72441828,3395,23399,892242914,1,2023-10-25 03:13:33,10
24477272,6665,69388,121447428,2,2023-10-25 03:13:40,10
49576772,5179,33245,437775879,2,2023-10-26 03:13:29,0
97777519,6464,46145,731814399,1,2023-10-26 03:13:19,10
66846563,5466,99925,642952288,1,2023-10-26 03:13:52,10
54811343,8149,42287,251147463,2,2023-10-28 03:13:09,10
83126664,8413,65142,653745354,1,2023-10-29 03:13:46,10
73579418,3215,92199,473171327,1,2023-10-30 03:13:06,1
14757921,9432,94847,453291927,2,2023-10-30 03:13:13,10
21864762,7636,62112,771171186,1,2023-10-30 03:13:15,10
35471688,5667,55839,145471577,1,2023-10-30 03:13:31,10
72996284,3947,12349,458418176,2,2023-10-31 03:13:11,10
34481115,3298,11668,642641881,1,2023-11-01 03:13:43,10
69243132,9326,33314,916984245,2,2023-11-02 03:13:29,10
75862119,9829,48949,721824295,2,2023-11-02 03:13:06,10
87899531,6753,12529,152863436,2,2023-11-02 03:13:49,10
82547675,8388,13789,985441365,1,2023-11-02 03:13:53,10
37791228,8695,49537,687365153,1,2023-11-03 03:13:26,10
46612333,5288,91271,511878336,1,2023-11-03 03:13:11,10
58565559,7483,53141,556872158,1,2023-11-04 03:13:40,10
62753861,6562,23728,995425548,2,2023-11-04 03:13:14,10
76117894,2383,82868,928459615,2,2023-11-05 03:13:27,10
13372814,9544,98457,996813213,2,2023-11-07 03:13:31,10
29661732,2859,17831,233274945,2,2023-11-08 03:13:33,10
53425627,7424,85964,593463158,2,2023-11-08 03:13:02,10
29663977,9611,29968,757644691,2,2023-11-09 03:13:50,7
72218141,8613,98766,216869343,1,2023-11-09 03:13:17,3
73249865,8275,35645,218661286,2,2023-11-09 03:13:01,5
19943917,4631,43621,952778456,2,2023-11-10 03:13:10,10
44145182,9499,13747,987354622,1,2023-11-10 03:13:10,10
81187349,1976,92265,557715312,2,2023-11-10 03:13:05,10
69362875,4225,43351,523125312,2,2023-11-10 03:13:35,10
41652692,3296,73221,559112748,1,2023-11-11 03:13:01,10
64298913,7276,63518,929341385,1,2023-11-11 03:13:14,10
97591433,1619,99627,221287745,1,2023-11-11 03:13:55,10
79641826,9323,11491,113243819,1,2023-11-13 03:13:21,10
14384799,2934,65384,368442464,2,2023-11-14 03:13:34,10
26926485,2795,26351,774512172,2,2023-11-14 03:13:21,10
18168517,1976,92265,787545174,1,2023-11-14 03:13:54,10
13311365,8216,33378,332354487,1,2023-11-14 03:13:05,10
27724537,4476,56418,958883767,2,2023-11-15 03:13:08,10
98553478,7737,32399,548999753,1,2023-11-15 03:13:24,10
16429647,7752,47385,944297626,2,2023-11-16 03:13:41,3
85738689,4476,56418,557327165,2,2023-11-16 03:13:04,10
59814877,2626,39981,818215383,1,2023-11-17 03:13:41,10
11747127,7438,68964,887614977,1,2023-11-17 03:13:06,10
46329642,7781,11463,618386777,2,2023-11-17 03:13:09,10
79737764,5414,43446,231584368,2,2023-11-18 03:13:20,10
72351244,2121,64479,348978556,2,2023-11-18 03:13:29,9
26455363,9556,13214,476858978,1,2023-11-18 03:13:32,10
76697793,5654,32571,987519394,2,2023-11-19 03:13:48,10
96438135,7452,58284,685584625,2,2023-11-19 03:13:32,10
59623359,3659,79473,934725156,1,2023-11-19 03:13:19,10
35658467,9436,47886,391314266,2,2023-11-20 03:13:35,10
39797413,1832,84828,929563849,2,2023-11-20 03:13:53,10
47664467,2795,26351,258756394,1,2023-11-20 03:13:50,10
13942424,4225,43351,912645829,1,2023-11-21 03:13:58,10
37198558,7859,46412,473124555,1,2023-11-21 03:13:48,10
86772549,6613,53697,662163615,1,2023-11-21 03:13:08,10
96739768,2626,39981,896178589,1,2023-11-22 03:13:37,10
49296251,7276,63518,314396619,1,2023-11-22 03:13:32,10
34912192,3758,94514,778583158,1,2023-11-22 03:13:15,10
49837927,6755,61173,981688535,1,2023-11-22 03:13:29,6
19948154,7171,62219,299831193,2,2023-11-22 03:13:10,6
76621332,5148,19432,774883358,1,2023-11-22 03:13:59,3
25326174,8779,36553,492974235,1,2023-11-23 03:13:41,10
38564164,4458,14519,795715793,2,2023-11-23 03:13:57,10
76936115,7859,46412,779594342,2,2023-11-25 03:13:17,10
17153971,2713,64485,573988662,2,2023-11-25 03:13:59,3
77681947,9761,56598,153447663,1,2023-11-26 03:13:08,10
96695563,2369,43144,349386281,2,2023-11-27 03:13:18,10
99793566,2383,82868,689541315,2,2023-11-27 03:13:24,10
28549153,6166,61524,743497911,2,2023-11-27 03:13:50,10
95961379,9746,19648,749422583,2,2023-11-28 03:13:15,10
76859255,5318,22417,346127221,2,2023-11-28 03:13:59,10
25728368,7534,72852,274929283,1,2023-11-28 03:13:21,10
64452629,8613,98766,153141331,1,2023-11-29 03:13:49,10
18497798,7312,65773,328685253,2,2023-11-29 03:13:49,10
29669226,6781,61574,817457376,1,2023-11-30 03:13:22,10
83696982,6451,28141,563565865,1,2023-11-30 03:13:11,10
48519273,4679,58834,367126716,2,2023-11-30 03:13:12,10
94632637,7734,47412,382281967,1,2023-12-01 03:13:17,10
88221747,1453,97687,391669757,1,2023-12-01 03:13:13,10
43185874,5663,26311,395627428,2,2023-12-01 03:13:41,10
22492283,5332,11331,397728765,2,2023-12-01 03:13:59,10
82675289,5379,11692,519758891,2,2023-12-01 03:13:27,10
27653254,8327,91122,449582236,2,2023-12-02 03:13:26,10
83367995,6166,62543,714768174,1,2023-12-02 03:13:03,6
82665626,7773,37336,895269599,1,2023-12-02 03:13:28,10
89949521,6948,22335,197352754,1,2023-12-02 03:13:18,10
78224563,9196,14924,441776277,1,2023-12-03 03:13:31,10
14511422,2148,66568,755973911,1,2023-12-05 03:13:33,9
77184366,4157,98223,629326931,2,2023-12-06 03:13:23,10
75473113,9656,65422,648833757,2,2023-12-07 03:13:02,10
36974616,2255,58623,618928774,2,2023-12-08 03:13:03,10
54413585,1621,44192,885514915,1,2023-12-09 03:13:17,10
49467762,1193,82774,672324192,2,2023-12-09 03:13:19,10
18341368,9221,22746,446971786,2,2023-12-09 03:13:57,10
39638322,6166,62543,539443727,2,2023-12-09 03:13:29,10
16151931,8466,17775,823938898,1,2023-12-10 03:13:32,10
97151198,5485,22339,752665932,1,2023-12-10 03:13:49,10
44745421,5578,99741,645118827,2,2023-12-10 03:13:28,1
34353239,6239,74494,518943156,2,2023-12-11 03:13:34,10
39659236,5739,97937,656391949,2,2023-12-11 03:13:34,10
89414219,1694,23273,488198553,2,2023-12-12 03:13:51,10
61771356,8443,97562,843555285,1,2023-12-12 03:13:00,10
15462341,3791,91748,525787291,2,2023-12-12 03:13:29,10
94283796,9552,21838,545591528,1,2023-12-13 03:13:45,10
21444273,1288,52176,155379939,2,2023-12-13 03:13:14,10
93195322,8455,26162,793258466,2,2023-12-13 03:13:06,10
46624345,5265,42299,534564165,1,2023-12-14 03:13:47,9
14721183,7322,11817,268432248,1,2023-12-15 03:13:27,10
52694823,2312,84925,742783379,2,2023-12-15 03:13:20,10
85753718,9247,67713,989918163,2,2023-12-15 03:13:05,10
69635717,9566,52939,846243265,1,2023-12-15 03:13:03,10
85437742,5598,56186,651968169,2,2023-12-15 03:13:34,10
15431811,7392,39231,639113488,2,2023-12-16 03:13:42,10
85725658,6519,68335,897649739,1,2023-12-16 03:13:39,10
46527429,4999,22392,471655281,2,2023-12-16 03:13:57,10
43957141,6617,82348,485358645,1,2023-12-17 03:13:48,10
52697372,6165,28399,873289142,2,2023-12-18 03:13:08,10
12918225,1994,68775,167589692,1,2023-12-18 03:13:22,10
93391234,1626,42597,317637114,1,2023-12-18 03:13:35,10
62821961,6166,62543,446517681,2,2023-12-19 03:13:36,10
85472697,7147,22177,382316917,2,2023-12-20 03:13:07,10
43437416,7772,18885,378838398,1,2023-12-20 03:13:46,10
14186264,5598,56186,822277217,1,2023-12-21 03:13:40,10
36898216,2948,34672,663167464,1,2023-12-21 03:13:24,10
44267714,4138,43969,147681978,2,2023-12-21 03:13:26,10
86175252,1994,68775,825199882,1,2023-12-22 03:13:28,10
25547589,8233,84337,595768311,1,2023-12-22 03:13:38,10
54324377,9168,46815,431226216,2,2023-12-23 03:13:40,10
57969695,2185,81244,863884939,1,2023-12-23 03:13:40,10
43152351,5121,63783,592268245,2,2023-12-24 03:13:41,10
78839532,6545,24956,814537552,2,2023-12-25 03:13:15,10
66385337,8357,23114,571252496,1,2023-12-25 03:13:27,10
29711644,2651,93728,611892171,2,2023-12-26 03:13:30,10
79976651,7772,18885,482958996,1,2023-12-26 03:13:50,10
65678624,9614,69399,298614526,2,2023-12-26 03:13:58,10
41488147,9846,78318,981817321,2,2023-12-26 03:13:58,10
63355446,6587,96112,342949381,1,2023-12-26 03:13:30,10
28933317,7478,38835,381397839,2,2023-12-29 03:13:37,10
28681368,2214,97551,256656237,2,2023-12-29 03:13:39,10
98372848,9953,54339,159521843,1,2023-12-29 03:13:57,10
88558314,6346,37174,349255519,2,2023-12-30 03:13:40,7
36866726,6545,24956,262317488,2,2023-12-30 03:13:25,10
75698781,2222,79178,119951681,2,2023-12-30 03:13:32,9
